user_id,What,To,adjective,Time,From
user3,Login,,,2019-08-18 10:22:47,
user3,07323.png,left,ATTRACTIVE,2019-08-18 19:22:57,center
user3,11235.png,left,ATTRACTIVE,2019-08-18 19:22:57,center
user3,06433.png,left,ATTRACTIVE,2019-08-18 19:22:57,center
user3,20493.png,left,ATTRACTIVE,2019-08-18 19:22:57,center
user3,58154.png,right,ATTRACTIVE,2019-08-18 19:23:02,center
user3,58238.png,right,ATTRACTIVE,2019-08-18 19:23:02,center
user3,57807.png,right,ATTRACTIVE,2019-08-18 19:23:02,center
user3,05467.png,right,ATTRACTIVE,2019-08-18 19:23:02,center
user3,20170.png,right,ATTRACTIVE,2019-08-18 19:23:02,center
user3,16068.png,right,ATTRACTIVE,2019-08-18 19:23:02,center
user3,57036.png,right,ATTRACTIVE,2019-08-18 19:23:02,center
user3,58231.png,right,ATTRACTIVE,2019-08-18 19:23:02,center
user3,20827.png,right,ATTRACTIVE,2019-08-18 19:23:02,center
user3,20450.png,left,ATTRACTIVE,2019-08-18 19:23:03,center
user3,confirm,,,2019-08-18 10:23:04,
user3,20254.png,left,ATTRACTIVE,2019-08-18 19:23:17,center
user3,20768.png,left,ATTRACTIVE,2019-08-18 19:23:17,center
user3,58273.png,left,ATTRACTIVE,2019-08-18 19:23:17,center
user3,03950.png,left,ATTRACTIVE,2019-08-18 19:23:18,center
user3,10244.png,right,ATTRACTIVE,2019-08-18 19:23:24,center
user3,05957.png,right,ATTRACTIVE,2019-08-18 19:23:24,center
user3,18765.png,right,ATTRACTIVE,2019-08-18 19:23:24,center
user3,19794.png,right,ATTRACTIVE,2019-08-18 19:23:24,center
user3,20089.png,right,ATTRACTIVE,2019-08-18 19:23:24,center
user3,20792.png,right,ATTRACTIVE,2019-08-18 19:23:24,center
user3,57092.png,right,ATTRACTIVE,2019-08-18 19:23:24,center
user3,57850.png,right,ATTRACTIVE,2019-08-18 19:23:24,center
user3,57861.png,right,ATTRACTIVE,2019-08-18 19:23:24,center
user3,57907.png,right,ATTRACTIVE,2019-08-18 19:23:24,center
user3,confirm,,,2019-08-18 10:23:25,
user3,00197.png,left,ATTRACTIVE,2019-08-18 19:23:43,center
user3,01089.png,left,ATTRACTIVE,2019-08-18 19:23:43,center
user3,01167.png,left,ATTRACTIVE,2019-08-18 19:23:43,center
user3,57519.png,left,ATTRACTIVE,2019-08-18 19:23:43,center
user3,58180.png,left,ATTRACTIVE,2019-08-18 19:23:43,center
user3,07956.png,right,ATTRACTIVE,2019-08-18 19:23:47,center
user3,16065.png,right,ATTRACTIVE,2019-08-18 19:23:47,center
user3,13809.png,right,ATTRACTIVE,2019-08-18 19:23:47,center
user3,20121.png,right,ATTRACTIVE,2019-08-18 19:23:47,center
user3,20729.png,right,ATTRACTIVE,2019-08-18 19:23:47,center
user3,57581.png,right,ATTRACTIVE,2019-08-18 19:23:47,center
user3,57647.png,right,ATTRACTIVE,2019-08-18 19:23:47,center
user3,57754.png,right,ATTRACTIVE,2019-08-18 19:23:47,center
user3,58439.png,right,ATTRACTIVE,2019-08-18 19:23:47,center
user3,confirm,,,2019-08-18 10:23:48,
user3,02618.png,left,ATTRACTIVE,2019-08-18 19:24:04,center
user3,13406.png,left,ATTRACTIVE,2019-08-18 19:24:06,center
user3,57082.png,left,ATTRACTIVE,2019-08-18 19:24:08,center
user3,06187.png,right,ATTRACTIVE,2019-08-18 19:24:17,center
user3,16049.png,right,ATTRACTIVE,2019-08-18 19:24:17,center
user3,19857.png,right,ATTRACTIVE,2019-08-18 19:24:17,center
user3,57062.png,right,ATTRACTIVE,2019-08-18 19:24:17,center
user3,57528.png,right,ATTRACTIVE,2019-08-18 19:24:17,center
user3,57650.png,right,ATTRACTIVE,2019-08-18 19:24:17,center
user3,57934.png,right,ATTRACTIVE,2019-08-18 19:24:17,center
user3,57944.png,right,ATTRACTIVE,2019-08-18 19:24:17,center
user3,58323.png,right,ATTRACTIVE,2019-08-18 19:24:17,center
user3,58333.png,right,ATTRACTIVE,2019-08-18 19:24:17,center
user3,58540.png,right,ATTRACTIVE,2019-08-18 19:24:17,center
user3,confirm,,,2019-08-18 10:24:18,
user3,20022.png,left,ATTRACTIVE,2019-08-18 19:24:31,center
user3,57066.png,left,ATTRACTIVE,2019-08-18 19:24:31,center
user3,00502.png,right,ATTRACTIVE,2019-08-18 19:24:36,center
user3,05041.png,right,ATTRACTIVE,2019-08-18 19:24:36,center
user3,08494.png,right,ATTRACTIVE,2019-08-18 19:24:36,center
user3,11325.png,right,ATTRACTIVE,2019-08-18 19:24:36,center
user3,20157.png,right,ATTRACTIVE,2019-08-18 19:24:36,center
user3,20299.png,right,ATTRACTIVE,2019-08-18 19:24:36,center
user3,20721.png,right,ATTRACTIVE,2019-08-18 19:24:36,center
user3,20732.png,right,ATTRACTIVE,2019-08-18 19:24:36,center
user3,57572.png,right,ATTRACTIVE,2019-08-18 19:24:36,center
user3,57649.png,right,ATTRACTIVE,2019-08-18 19:24:36,center
user3,58357.png,right,ATTRACTIVE,2019-08-18 19:24:36,center
user3,20084.png,left,ATTRACTIVE,2019-08-18 19:24:37,center
user3,confirm,,,2019-08-18 10:24:38,
user3,02947.png,right,ATTRACTIVE,2019-08-18 19:24:52,center
user3,20590.png,right,ATTRACTIVE,2019-08-18 19:24:52,center
user3,14484.png,right,ATTRACTIVE,2019-08-18 19:24:52,center
user3,20806.png,right,ATTRACTIVE,2019-08-18 19:24:52,center
user3,57094.png,right,ATTRACTIVE,2019-08-18 19:24:52,center
user3,57133.png,right,ATTRACTIVE,2019-08-18 19:24:52,center
user3,57501.png,right,ATTRACTIVE,2019-08-18 19:24:52,center
user3,57873.png,right,ATTRACTIVE,2019-08-18 19:24:52,center
user3,57931.png,right,ATTRACTIVE,2019-08-18 19:24:52,center
user3,07623.png,left,ATTRACTIVE,2019-08-18 19:24:55,center
user3,16118.png,left,ATTRACTIVE,2019-08-18 19:24:55,center
user3,19838.png,left,ATTRACTIVE,2019-08-18 19:24:55,center
user3,19841.png,left,ATTRACTIVE,2019-08-18 19:24:55,center
user3,58245.png,left,ATTRACTIVE,2019-08-18 19:24:55,center
user3,confirm,,,2019-08-18 10:24:56,
user3,14832.png,left,ATTRACTIVE,2019-08-18 19:25:13,center
user3,58402.png,left,ATTRACTIVE,2019-08-18 19:25:13,center
user3,18279.png,right,ATTRACTIVE,2019-08-18 19:25:18,center
user3,18822.png,right,ATTRACTIVE,2019-08-18 19:25:18,center
user3,18472.png,right,ATTRACTIVE,2019-08-18 19:25:18,center
user3,20257.png,right,ATTRACTIVE,2019-08-18 19:25:18,center
user3,20424.png,right,ATTRACTIVE,2019-08-18 19:25:18,center
user3,20556.png,right,ATTRACTIVE,2019-08-18 19:25:18,center
user3,20608.png,right,ATTRACTIVE,2019-08-18 19:25:18,center
user3,20701.png,right,ATTRACTIVE,2019-08-18 19:25:18,center
user3,20990.png,right,ATTRACTIVE,2019-08-18 19:25:18,center
user3,57052.png,right,ATTRACTIVE,2019-08-18 19:25:18,center
user3,57731.png,right,ATTRACTIVE,2019-08-18 19:25:18,center
user3,16375.png,left,ATTRACTIVE,2019-08-18 19:25:19,center
user3,confirm,,,2019-08-18 10:25:20,
user3,02832.png,left,ATTRACTIVE,2019-08-18 19:25:33,center
user3,16917.png,left,ATTRACTIVE,2019-08-18 19:25:33,center
user3,00380.png,right,ATTRACTIVE,2019-08-18 19:25:38,center
user3,15726.png,right,ATTRACTIVE,2019-08-18 19:25:38,center
user3,17988.png,right,ATTRACTIVE,2019-08-18 19:25:38,center
user3,17507.png,right,ATTRACTIVE,2019-08-18 19:25:38,center
user3,19833.png,right,ATTRACTIVE,2019-08-18 19:25:38,center
user3,20756.png,right,ATTRACTIVE,2019-08-18 19:25:38,center
user3,57042.png,right,ATTRACTIVE,2019-08-18 19:25:38,center
user3,57054.png,right,ATTRACTIVE,2019-08-18 19:25:38,center
user3,57307.png,right,ATTRACTIVE,2019-08-18 19:25:38,center
user3,57858.png,right,ATTRACTIVE,2019-08-18 19:25:38,center
user3,58459.png,right,ATTRACTIVE,2019-08-18 19:25:38,center
user3,58345.png,right,ATTRACTIVE,2019-08-18 19:25:38,center
user3,confirm,,,2019-08-18 10:25:38,
user3,04588.png,right,ATTRACTIVE,2019-08-18 19:25:55,center
user3,20743.png,right,ATTRACTIVE,2019-08-18 19:25:55,center
user3,57165.png,right,ATTRACTIVE,2019-08-18 19:25:55,center
user3,57264.png,right,ATTRACTIVE,2019-08-18 19:25:55,center
user3,57546.png,right,ATTRACTIVE,2019-08-18 19:25:55,center
user3,57719.png,right,ATTRACTIVE,2019-08-18 19:25:55,center
user3,58226.png,right,ATTRACTIVE,2019-08-18 19:25:55,center
user3,58528.png,right,ATTRACTIVE,2019-08-18 19:25:55,center
user3,20009.png,left,ATTRACTIVE,2019-08-18 19:25:58,center
user3,20928.png,left,ATTRACTIVE,2019-08-18 19:25:58,center
user3,57115.png,left,ATTRACTIVE,2019-08-18 19:25:58,center
user3,57154.png,left,ATTRACTIVE,2019-08-18 19:25:58,center
user3,57640.png,left,ATTRACTIVE,2019-08-18 19:25:58,center
user3,58403.png,left,ATTRACTIVE,2019-08-18 19:25:58,center
user3,confirm,,,2019-08-18 10:25:59,
user3,20265.png,center,ATTRACTIVE,2019-08-18 19:26:08,center
user3,20265.png,left,ATTRACTIVE,2019-08-18 19:26:09,center
user3,06416.png,left,ATTRACTIVE,2019-08-18 19:26:18,center
user3,20032.png,left,ATTRACTIVE,2019-08-18 19:26:18,center
user3,57793.png,left,ATTRACTIVE,2019-08-18 19:26:18,center
user3,confirm,,,2019-08-18 10:26:23,
user3,19972.png,left,ATTRACTIVE,2019-08-18 19:26:39,center
user3,20162.png,left,ATTRACTIVE,2019-08-18 19:26:39,center
user3,57026.png,left,ATTRACTIVE,2019-08-18 19:26:39,center
user3,58094.png,left,ATTRACTIVE,2019-08-18 19:26:39,center
user3,20785.png,left,ATTRACTIVE,2019-08-18 19:26:39,center
user3,20352.png,right,ATTRACTIVE,2019-08-18 19:26:43,center
user3,20617.png,right,ATTRACTIVE,2019-08-18 19:26:43,center
user3,20643.png,right,ATTRACTIVE,2019-08-18 19:26:43,center
user3,20969.png,right,ATTRACTIVE,2019-08-18 19:26:43,center
user3,57464.png,right,ATTRACTIVE,2019-08-18 19:26:43,center
user3,57473.png,right,ATTRACTIVE,2019-08-18 19:26:43,center
user3,57490.png,right,ATTRACTIVE,2019-08-18 19:26:44,center
user3,58090.png,right,ATTRACTIVE,2019-08-18 19:26:44,center
user3,58302.png,right,ATTRACTIVE,2019-08-18 19:26:44,center
user3,confirm,,,2019-08-18 10:26:44,
user3,20144.png,left,ATTRACTIVE,2019-08-18 19:26:56,center
user3,20760.png,left,ATTRACTIVE,2019-08-18 19:26:56,center
user3,57745.png,left,ATTRACTIVE,2019-08-18 19:26:56,center
user3,57904.png,left,ATTRACTIVE,2019-08-18 19:26:56,center
user3,02254.png,right,ATTRACTIVE,2019-08-18 19:27:00,center
user3,06523.png,right,ATTRACTIVE,2019-08-18 19:27:00,center
user3,12019.png,right,ATTRACTIVE,2019-08-18 19:27:00,center
user3,09812.png,right,ATTRACTIVE,2019-08-18 19:27:00,center
user3,20124.png,right,ATTRACTIVE,2019-08-18 19:27:00,center
user3,20246.png,right,ATTRACTIVE,2019-08-18 19:27:00,center
user3,20426.png,right,ATTRACTIVE,2019-08-18 19:27:00,center
user3,20972.png,right,ATTRACTIVE,2019-08-18 19:27:00,center
user3,57723.png,right,ATTRACTIVE,2019-08-18 19:27:00,center
user3,57033.png,right,ATTRACTIVE,2019-08-18 19:27:00,center
user3,confirm,,,2019-08-18 10:27:01,
user3,05494.png,left,ATTRACTIVE,2019-08-18 19:27:12,center
user3,57221.png,left,ATTRACTIVE,2019-08-18 19:27:12,center
user3,57610.png,left,ATTRACTIVE,2019-08-18 19:27:12,center
user3,00045.png,right,ATTRACTIVE,2019-08-18 19:27:18,center
user3,00428.png,right,ATTRACTIVE,2019-08-18 19:27:18,center
user3,16266.png,right,ATTRACTIVE,2019-08-18 19:27:18,center
user3,18760.png,right,ATTRACTIVE,2019-08-18 19:27:18,center
user3,20101.png,right,ATTRACTIVE,2019-08-18 19:27:18,center
user3,20173.png,right,ATTRACTIVE,2019-08-18 19:27:18,center
user3,20802.png,right,ATTRACTIVE,2019-08-18 19:27:18,center
user3,20821.png,right,ATTRACTIVE,2019-08-18 19:27:18,center
user3,57004.png,right,ATTRACTIVE,2019-08-18 19:27:18,center
user3,11627.png,left,ATTRACTIVE,2019-08-18 19:27:19,center
user3,20046.png,left,ATTRACTIVE,2019-08-18 19:27:19,center
user3,confirm,,,2019-08-18 10:27:20,
user3,57146.png,left,ATTRACTIVE,2019-08-18 19:27:32,center
user3,57358.png,left,ATTRACTIVE,2019-08-18 19:27:32,center
user3,02845.png,right,ATTRACTIVE,2019-08-18 19:27:38,center
user3,13780.png,right,ATTRACTIVE,2019-08-18 19:27:38,center
user3,14442.png,right,ATTRACTIVE,2019-08-18 19:27:38,center
user3,16081.png,right,ATTRACTIVE,2019-08-18 19:27:38,center
user3,15872.png,right,ATTRACTIVE,2019-08-18 19:27:38,center
user3,19903.png,right,ATTRACTIVE,2019-08-18 19:27:38,center
user3,20004.png,right,ATTRACTIVE,2019-08-18 19:27:38,center
user3,20242.png,right,ATTRACTIVE,2019-08-18 19:27:38,center
user3,20594.png,right,ATTRACTIVE,2019-08-18 19:27:38,center
user3,57599.png,right,ATTRACTIVE,2019-08-18 19:27:38,center
user3,57144.png,right,ATTRACTIVE,2019-08-18 19:27:38,center
user3,57623.png,right,ATTRACTIVE,2019-08-18 19:27:38,center
user3,confirm,,,2019-08-18 10:27:39,
user3,00340.png,left,ATTRACTIVE,2019-08-18 19:27:53,center
user3,00688.png,left,ATTRACTIVE,2019-08-18 19:27:53,center
user3,57762.png,left,ATTRACTIVE,2019-08-18 19:27:53,center
user3,19896.png,left,ATTRACTIVE,2019-08-18 19:27:53,center
user3,58489.png,left,ATTRACTIVE,2019-08-18 19:27:53,center
user3,15215.png,center,ATTRACTIVE,2019-08-18 19:27:54,center
user3,15215.png,left,ATTRACTIVE,2019-08-18 19:27:55,center
user3,20777.png,left,ATTRACTIVE,2019-08-18 19:27:57,center
user3,11518.png,right,ATTRACTIVE,2019-08-18 19:28:01,center
user3,19890.png,right,ATTRACTIVE,2019-08-18 19:28:01,center
user3,20239.png,right,ATTRACTIVE,2019-08-18 19:28:01,center
user3,20440.png,right,ATTRACTIVE,2019-08-18 19:28:02,center
user3,20780.png,right,ATTRACTIVE,2019-08-18 19:28:02,center
user3,57227.png,right,ATTRACTIVE,2019-08-18 19:28:02,center
user3,57630.png,right,ATTRACTIVE,2019-08-18 19:28:02,center
user3,confirm,,,2019-08-18 10:28:02,
user3,06314.png,left,ATTRACTIVE,2019-08-18 19:28:11,center
user3,19975.png,left,ATTRACTIVE,2019-08-18 19:28:11,center
user3,57015.png,left,ATTRACTIVE,2019-08-18 19:28:11,center
user3,57592.png,left,ATTRACTIVE,2019-08-18 19:28:11,center
user3,58123.png,left,ATTRACTIVE,2019-08-18 19:28:11,center
user3,58546.png,left,ATTRACTIVE,2019-08-18 19:28:11,center
user3,00218.png,right,ATTRACTIVE,2019-08-18 19:28:17,center
user3,57315.png,right,ATTRACTIVE,2019-08-18 19:28:17,center
user3,20953.png,right,ATTRACTIVE,2019-08-18 19:28:17,center
user3,19029.png,right,ATTRACTIVE,2019-08-18 19:28:17,center
user3,57897.png,right,ATTRACTIVE,2019-08-18 19:28:17,center
user3,57485.png,right,ATTRACTIVE,2019-08-18 19:28:17,center
user3,57958.png,right,ATTRACTIVE,2019-08-18 19:28:17,center
user3,58004.png,right,ATTRACTIVE,2019-08-18 19:28:17,center
user3,confirm,,,2019-08-18 10:28:17,
user3,16656.png,left,ATTRACTIVE,2019-08-18 19:28:32,center
user3,20789.png,left,ATTRACTIVE,2019-08-18 19:28:32,center
user3,57412.png,left,ATTRACTIVE,2019-08-18 19:28:32,center
user3,58522.png,left,ATTRACTIVE,2019-08-18 19:28:32,center
user3,58150.png,left,ATTRACTIVE,2019-08-18 19:28:32,center
user3,09614.png,right,ATTRACTIVE,2019-08-18 19:28:38,center
user3,10035.png,right,ATTRACTIVE,2019-08-18 19:28:38,center
user3,19824.png,right,ATTRACTIVE,2019-08-18 19:28:38,center
user3,57132.png,right,ATTRACTIVE,2019-08-18 19:28:38,center
user3,57248.png,right,ATTRACTIVE,2019-08-18 19:28:38,center
user3,57331.png,right,ATTRACTIVE,2019-08-18 19:28:38,center
user3,57788.png,right,ATTRACTIVE,2019-08-18 19:28:38,center
user3,confirm,,,2019-08-18 10:28:40,
user3,00761.png,left,ATTRACTIVE,2019-08-18 19:28:54,center
user3,03583.png,left,ATTRACTIVE,2019-08-18 19:28:54,center
user3,58392.png,left,ATTRACTIVE,2019-08-18 19:28:54,center
user3,19849.png,right,ATTRACTIVE,2019-08-18 19:28:59,center
user3,20482.png,right,ATTRACTIVE,2019-08-18 19:28:59,center
user3,07609.png,right,ATTRACTIVE,2019-08-18 19:28:59,center
user3,20672.png,right,ATTRACTIVE,2019-08-18 19:28:59,center
user3,20736.png,right,ATTRACTIVE,2019-08-18 19:28:59,center
user3,20784.png,right,ATTRACTIVE,2019-08-18 19:28:59,center
user3,20893.png,right,ATTRACTIVE,2019-08-18 19:28:59,center
user3,57006.png,right,ATTRACTIVE,2019-08-18 19:28:59,center
user3,57048.png,right,ATTRACTIVE,2019-08-18 19:28:59,center
user3,57380.png,right,ATTRACTIVE,2019-08-18 19:28:59,center
user3,57697.png,right,ATTRACTIVE,2019-08-18 19:28:59,center
user3,confirm,,,2019-08-18 10:28:59,
user3,57207.png,left,ATTRACTIVE,2019-08-18 19:29:10,center
user3,57579.png,left,ATTRACTIVE,2019-08-18 19:29:10,center
user3,20795.png,left,ATTRACTIVE,2019-08-18 19:29:10,center
user3,58362.png,left,ATTRACTIVE,2019-08-18 19:29:10,center
user3,00360.png,right,ATTRACTIVE,2019-08-18 19:29:15,center
user3,12551.png,right,ATTRACTIVE,2019-08-18 19:29:15,center
user3,15131.png,right,ATTRACTIVE,2019-08-18 19:29:15,center
user3,20625.png,right,ATTRACTIVE,2019-08-18 19:29:15,center
user3,19935.png,right,ATTRACTIVE,2019-08-18 19:29:15,center
user3,57078.png,right,ATTRACTIVE,2019-08-18 19:29:15,center
user3,57163.png,right,ATTRACTIVE,2019-08-18 19:29:15,center
user3,57294.png,right,ATTRACTIVE,2019-08-18 19:29:15,center
user3,57665.png,right,ATTRACTIVE,2019-08-18 19:29:15,center
user3,57894.png,right,ATTRACTIVE,2019-08-18 19:29:15,center
user3,confirm,,,2019-08-18 10:29:15,
user3,06682.png,left,ATTRACTIVE,2019-08-18 19:29:28,center
user3,20959.png,left,ATTRACTIVE,2019-08-18 19:29:28,center
user3,57129.png,left,ATTRACTIVE,2019-08-18 19:29:28,center
user3,58320.png,left,ATTRACTIVE,2019-08-18 19:29:28,center
user3,08168.png,right,ATTRACTIVE,2019-08-18 19:29:33,center
user3,13668.png,right,ATTRACTIVE,2019-08-18 19:29:33,center
user3,20404.png,right,ATTRACTIVE,2019-08-18 19:29:33,center
user3,20585.png,right,ATTRACTIVE,2019-08-18 19:29:33,center
user3,20967.png,right,ATTRACTIVE,2019-08-18 19:29:33,center
user3,57001.png,right,ATTRACTIVE,2019-08-18 19:29:33,center
user3,57185.png,right,ATTRACTIVE,2019-08-18 19:29:33,center
user3,57301.png,right,ATTRACTIVE,2019-08-18 19:29:33,center
user3,57838.png,right,ATTRACTIVE,2019-08-18 19:29:33,center
user3,57992.png,right,ATTRACTIVE,2019-08-18 19:29:33,center
user3,confirm,,,2019-08-18 10:29:34,
user3,07798.png,left,ATTRACTIVE,2019-08-18 19:29:52,center
user3,18691.png,left,ATTRACTIVE,2019-08-18 19:29:52,center
user3,57672.png,left,ATTRACTIVE,2019-08-18 19:29:52,center
user3,58242.png,left,ATTRACTIVE,2019-08-18 19:29:52,center
user3,08725.png,right,ATTRACTIVE,2019-08-18 19:29:58,center
user3,11061.png,right,ATTRACTIVE,2019-08-18 19:29:58,center
user3,17489.png,right,ATTRACTIVE,2019-08-18 19:29:58,center
user3,17713.png,right,ATTRACTIVE,2019-08-18 19:29:58,center
user3,20540.png,right,ATTRACTIVE,2019-08-18 19:29:58,center
user3,20319.png,right,ATTRACTIVE,2019-08-18 19:29:58,center
user3,57003.png,right,ATTRACTIVE,2019-08-18 19:29:58,center
user3,57932.png,right,ATTRACTIVE,2019-08-18 19:29:58,center
user3,02609.png,left,ATTRACTIVE,2019-08-18 19:29:59,center
user3,13462.png,left,ATTRACTIVE,2019-08-18 19:29:59,center
user3,confirm,,,2019-08-18 10:29:59,
user3,16120.png,left,ATTRACTIVE,2019-08-18 19:30:15,center
user3,57804.png,left,ATTRACTIVE,2019-08-18 19:30:15,center
user3,20615.png,left,ATTRACTIVE,2019-08-18 19:30:15,center
user3,19812.png,right,ATTRACTIVE,2019-08-18 19:30:20,center
user3,19847.png,right,ATTRACTIVE,2019-08-18 19:30:20,center
user3,19860.png,right,ATTRACTIVE,2019-08-18 19:30:20,center
user3,20324.png,right,ATTRACTIVE,2019-08-18 19:30:20,center
user3,20581.png,right,ATTRACTIVE,2019-08-18 19:30:20,center
user3,20957.png,right,ATTRACTIVE,2019-08-18 19:30:20,center
user3,57035.png,right,ATTRACTIVE,2019-08-18 19:30:20,center
user3,57789.png,right,ATTRACTIVE,2019-08-18 19:30:20,center
user3,57834.png,right,ATTRACTIVE,2019-08-18 19:30:20,center
user3,58530.png,right,ATTRACTIVE,2019-08-18 19:30:20,center
user3,20815.png,left,ATTRACTIVE,2019-08-18 19:30:21,center
user3,confirm,,,2019-08-18 10:30:22,
user3,20285.png,left,ATTRACTIVE,2019-08-18 19:30:29,center
user3,57453.png,left,ATTRACTIVE,2019-08-18 19:30:29,center
user3,57521.png,left,ATTRACTIVE,2019-08-18 19:30:29,center
user3,58187.png,left,ATTRACTIVE,2019-08-18 19:30:29,center
user3,06764.png,right,ATTRACTIVE,2019-08-18 19:30:33,center
user3,10858.png,right,ATTRACTIVE,2019-08-18 19:30:33,center
user3,13889.png,right,ATTRACTIVE,2019-08-18 19:30:33,center
user3,18022.png,right,ATTRACTIVE,2019-08-18 19:30:33,center
user3,20666.png,right,ATTRACTIVE,2019-08-18 19:30:33,center
user3,20733.png,right,ATTRACTIVE,2019-08-18 19:30:33,center
user3,57098.png,right,ATTRACTIVE,2019-08-18 19:30:33,center
user3,57178.png,right,ATTRACTIVE,2019-08-18 19:30:33,center
user3,57636.png,right,ATTRACTIVE,2019-08-18 19:30:33,center
user3,10945.png,left,ATTRACTIVE,2019-08-18 19:30:34,center
user3,confirm,,,2019-08-18 10:30:35,
user3,05946.png,left,ATTRACTIVE,2019-08-18 19:30:47,center
user3,10471.png,left,ATTRACTIVE,2019-08-18 19:30:47,center
user3,13567.png,left,ATTRACTIVE,2019-08-18 19:30:47,center
user3,07631.png,right,ATTRACTIVE,2019-08-18 19:30:53,center
user3,05544.png,right,ATTRACTIVE,2019-08-18 19:30:53,center
user3,10906.png,right,ATTRACTIVE,2019-08-18 19:30:53,center
user3,16826.png,right,ATTRACTIVE,2019-08-18 19:30:53,center
user3,20067.png,right,ATTRACTIVE,2019-08-18 19:30:53,center
user3,20253.png,right,ATTRACTIVE,2019-08-18 19:30:53,center
user3,20691.png,right,ATTRACTIVE,2019-08-18 19:30:53,center
user3,57109.png,right,ATTRACTIVE,2019-08-18 19:30:53,center
user3,57766.png,right,ATTRACTIVE,2019-08-18 19:30:53,center
user3,57792.png,right,ATTRACTIVE,2019-08-18 19:30:53,center
user3,57639.png,right,ATTRACTIVE,2019-08-18 19:30:53,center
user3,confirm,,,2019-08-18 10:30:53,
user3,20720.png,left,ATTRACTIVE,2019-08-18 19:31:02,center
user3,57065.png,left,ATTRACTIVE,2019-08-18 19:31:02,center
user3,57190.png,left,ATTRACTIVE,2019-08-18 19:31:02,center
user3,58035.png,left,ATTRACTIVE,2019-08-18 19:31:02,center
user3,57541.png,left,ATTRACTIVE,2019-08-18 19:31:02,center
user3,00445.png,right,ATTRACTIVE,2019-08-18 19:31:07,center
user3,05456.png,right,ATTRACTIVE,2019-08-18 19:31:07,center
user3,06291.png,right,ATTRACTIVE,2019-08-18 19:31:07,center
user3,09330.png,right,ATTRACTIVE,2019-08-18 19:31:07,center
user3,12639.png,right,ATTRACTIVE,2019-08-18 19:31:07,center
user3,16522.png,right,ATTRACTIVE,2019-08-18 19:31:07,center
user3,20412.png,right,ATTRACTIVE,2019-08-18 19:31:07,center
user3,20525.png,right,ATTRACTIVE,2019-08-18 19:31:07,center
user3,58468.png,right,ATTRACTIVE,2019-08-18 19:31:07,center
user3,confirm,,,2019-08-18 10:31:07,
user3,13296.png,left,ATTRACTIVE,2019-08-18 19:31:31,center
user3,20848.png,left,ATTRACTIVE,2019-08-18 19:31:31,center
user3,57507.png,left,ATTRACTIVE,2019-08-18 19:31:31,center
user3,57666.png,left,ATTRACTIVE,2019-08-18 19:31:31,center
user3,08088.png,right,ATTRACTIVE,2019-08-18 19:31:36,center
user3,19973.png,right,ATTRACTIVE,2019-08-18 19:31:36,center
user3,20321.png,right,ATTRACTIVE,2019-08-18 19:31:36,center
user3,20962.png,right,ATTRACTIVE,2019-08-18 19:31:36,center
user3,57123.png,right,ATTRACTIVE,2019-08-18 19:31:36,center
user3,57291.png,right,ATTRACTIVE,2019-08-18 19:31:36,center
user3,57559.png,right,ATTRACTIVE,2019-08-18 19:31:36,center
user3,58071.png,right,ATTRACTIVE,2019-08-18 19:31:36,center
user3,58538.png,right,ATTRACTIVE,2019-08-18 19:31:36,center
user3,15967.png,left,ATTRACTIVE,2019-08-18 19:31:37,center
user3,confirm,,,2019-08-18 10:31:37,
user3,20622.png,left,ATTRACTIVE,2019-08-18 19:31:48,center
user3,57337.png,left,ATTRACTIVE,2019-08-18 19:31:48,center
user3,57349.png,left,ATTRACTIVE,2019-08-18 19:31:48,center
user3,01058.png,right,ATTRACTIVE,2019-08-18 19:31:53,center
user3,02891.png,right,ATTRACTIVE,2019-08-18 19:31:53,center
user3,08367.png,right,ATTRACTIVE,2019-08-18 19:31:53,center
user3,11593.png,right,ATTRACTIVE,2019-08-18 19:31:53,center
user3,14404.png,right,ATTRACTIVE,2019-08-18 19:31:53,center
user3,13543.png,right,ATTRACTIVE,2019-08-18 19:31:53,center
user3,20043.png,right,ATTRACTIVE,2019-08-18 19:31:53,center
user3,20862.png,right,ATTRACTIVE,2019-08-18 19:31:53,center
user3,57803.png,right,ATTRACTIVE,2019-08-18 19:31:53,center
user3,57933.png,right,ATTRACTIVE,2019-08-18 19:31:53,center
user3,13622.png,left,ATTRACTIVE,2019-08-18 19:31:54,center
user3,confirm,,,2019-08-18 10:31:54,
user3,13108.png,left,ATTRACTIVE,2019-08-18 19:32:02,center
user3,20685.png,left,ATTRACTIVE,2019-08-18 19:32:02,center
user3,57728.png,left,ATTRACTIVE,2019-08-18 19:32:02,center
user3,20282.png,left,ATTRACTIVE,2019-08-18 19:32:04,center
user3,09644.png,center,ATTRACTIVE,2019-08-18 19:32:04,center
user3,09285.png,left,ATTRACTIVE,2019-08-18 19:32:06,center
user3,00257.png,right,ATTRACTIVE,2019-08-18 19:32:10,center
user3,09644.png,right,ATTRACTIVE,2019-08-18 19:32:10,center
user3,20846.png,right,ATTRACTIVE,2019-08-18 19:32:10,center
user3,19917.png,right,ATTRACTIVE,2019-08-18 19:32:10,center
user3,57678.png,right,ATTRACTIVE,2019-08-18 19:32:10,center
user3,57835.png,right,ATTRACTIVE,2019-08-18 19:32:10,center
user3,57879.png,right,ATTRACTIVE,2019-08-18 19:32:10,center
user3,58450.png,right,ATTRACTIVE,2019-08-18 19:32:10,center
user3,57498.png,right,ATTRACTIVE,2019-08-18 19:32:11,center
user3,confirm,,,2019-08-18 10:32:12,
user3,57213.png,left,ATTRACTIVE,2019-08-18 19:32:24,center
user3,57864.png,left,ATTRACTIVE,2019-08-18 19:32:24,center
user3,58495.png,left,ATTRACTIVE,2019-08-18 19:32:24,center
user3,03033.png,right,ATTRACTIVE,2019-08-18 19:32:31,center
user3,20120.png,right,ATTRACTIVE,2019-08-18 19:32:31,center
user3,19802.png,right,ATTRACTIVE,2019-08-18 19:32:31,center
user3,20389.png,right,ATTRACTIVE,2019-08-18 19:32:31,center
user3,20469.png,right,ATTRACTIVE,2019-08-18 19:32:31,center
user3,57040.png,right,ATTRACTIVE,2019-08-18 19:32:31,center
user3,57721.png,right,ATTRACTIVE,2019-08-18 19:32:31,center
user3,57927.png,right,ATTRACTIVE,2019-08-18 19:32:31,center
user3,58075.png,right,ATTRACTIVE,2019-08-18 19:32:31,center
user3,20008.png,left,ATTRACTIVE,2019-08-18 19:32:32,center
user3,20523.png,left,ATTRACTIVE,2019-08-18 19:32:32,center
user3,confirm,,,2019-08-18 10:32:33,
user3,20719.png,left,ATTRACTIVE,2019-08-18 19:32:48,center
user3,01532.png,left,ATTRACTIVE,2019-08-18 19:32:48,center
user3,57662.png,left,ATTRACTIVE,2019-08-18 19:32:48,center
user3,57381.png,left,ATTRACTIVE,2019-08-18 19:32:48,center
user3,05276.png,right,ATTRACTIVE,2019-08-18 19:32:53,center
user3,06513.png,right,ATTRACTIVE,2019-08-18 19:32:53,center
user3,18185.png,right,ATTRACTIVE,2019-08-18 19:32:53,center
user3,20684.png,right,ATTRACTIVE,2019-08-18 19:32:53,center
user3,20071.png,right,ATTRACTIVE,2019-08-18 19:32:53,center
user3,57018.png,right,ATTRACTIVE,2019-08-18 19:32:53,center
user3,57110.png,right,ATTRACTIVE,2019-08-18 19:32:53,center
user3,57200.png,right,ATTRACTIVE,2019-08-18 19:32:53,center
user3,57598.png,right,ATTRACTIVE,2019-08-18 19:32:53,center
user3,58524.png,left,ATTRACTIVE,2019-08-18 19:32:54,center
user3,confirm,,,2019-08-18 10:32:55,
user3,05076.png,left,ATTRACTIVE,2019-08-18 19:33:06,center
user3,19151.png,left,ATTRACTIVE,2019-08-18 19:33:06,center
user3,19930.png,left,ATTRACTIVE,2019-08-18 19:33:07,center
user3,20341.png,left,ATTRACTIVE,2019-08-18 19:33:07,center
user3,57211.png,left,ATTRACTIVE,2019-08-18 19:33:09,center
user3,58315.png,left,ATTRACTIVE,2019-08-18 19:33:09,center
user3,00878.png,right,ATTRACTIVE,2019-08-18 19:33:12,center
user3,01185.png,right,ATTRACTIVE,2019-08-18 19:33:12,center
user3,05348.png,right,ATTRACTIVE,2019-08-18 19:33:12,center
user3,09351.png,right,ATTRACTIVE,2019-08-18 19:33:12,center
user3,19909.png,right,ATTRACTIVE,2019-08-18 19:33:12,center
user3,20063.png,right,ATTRACTIVE,2019-08-18 19:33:12,center
user3,20852.png,right,ATTRACTIVE,2019-08-18 19:33:12,center
user3,19165.png,left,ATTRACTIVE,2019-08-18 19:33:13,center
user3,confirm,,,2019-08-18 10:33:14,
user3,57093.png,left,ATTRACTIVE,2019-08-18 19:33:24,center
user3,58219.png,left,ATTRACTIVE,2019-08-18 19:33:24,center
user3,57122.png,left,ATTRACTIVE,2019-08-18 19:33:24,center
user3,11264.png,left,ATTRACTIVE,2019-08-18 19:33:26,center
user3,10465.png,right,ATTRACTIVE,2019-08-18 19:33:30,center
user3,19804.png,right,ATTRACTIVE,2019-08-18 19:33:30,center
user3,20059.png,right,ATTRACTIVE,2019-08-18 19:33:30,center
user3,20937.png,right,ATTRACTIVE,2019-08-18 19:33:30,center
user3,20980.png,right,ATTRACTIVE,2019-08-18 19:33:30,center
user3,57256.png,right,ATTRACTIVE,2019-08-18 19:33:30,center
user3,57325.png,right,ATTRACTIVE,2019-08-18 19:33:30,center
user3,57411.png,right,ATTRACTIVE,2019-08-18 19:33:30,center
user3,57986.png,right,ATTRACTIVE,2019-08-18 19:33:30,center
user3,13064.png,left,ATTRACTIVE,2019-08-18 19:33:31,center
user3,confirm,,,2019-08-18 10:33:32,
user3,19892.png,left,ATTRACTIVE,2019-08-18 19:33:48,center
user3,20241.png,left,ATTRACTIVE,2019-08-18 19:33:48,center
user3,00361.png,right,ATTRACTIVE,2019-08-18 19:33:54,center
user3,20702.png,right,ATTRACTIVE,2019-08-18 19:33:54,center
user3,20126.png,right,ATTRACTIVE,2019-08-18 19:33:54,center
user3,20854.png,right,ATTRACTIVE,2019-08-18 19:33:54,center
user3,57019.png,right,ATTRACTIVE,2019-08-18 19:33:54,center
user3,57079.png,right,ATTRACTIVE,2019-08-18 19:33:54,center
user3,57347.png,right,ATTRACTIVE,2019-08-18 19:33:54,center
user3,57984.png,right,ATTRACTIVE,2019-08-18 19:33:54,center
user3,58266.png,right,ATTRACTIVE,2019-08-18 19:33:54,center
user3,58313.png,right,ATTRACTIVE,2019-08-18 19:33:54,center
user3,58554.png,right,ATTRACTIVE,2019-08-18 19:33:54,center
user3,58499.png,right,ATTRACTIVE,2019-08-18 19:33:54,center
user3,confirm,,,2019-08-18 10:33:54,
user3,00779.png,left,ATTRACTIVE,2019-08-18 19:34:06,center
user3,57218.png,left,ATTRACTIVE,2019-08-18 19:34:06,center
user3,58453.png,left,ATTRACTIVE,2019-08-18 19:34:06,center
user3,00219.png,right,ATTRACTIVE,2019-08-18 19:34:11,center
user3,10964.png,right,ATTRACTIVE,2019-08-18 19:34:11,center
user3,19974.png,right,ATTRACTIVE,2019-08-18 19:34:11,center
user3,20277.png,right,ATTRACTIVE,2019-08-18 19:34:11,center
user3,20861.png,right,ATTRACTIVE,2019-08-18 19:34:11,center
user3,20871.png,right,ATTRACTIVE,2019-08-18 19:34:11,center
user3,57028.png,right,ATTRACTIVE,2019-08-18 19:34:11,center
user3,57072.png,right,ATTRACTIVE,2019-08-18 19:34:11,center
user3,57074.png,right,ATTRACTIVE,2019-08-18 19:34:11,center
user3,58405.png,right,ATTRACTIVE,2019-08-18 19:34:11,center
user3,57641.png,right,ATTRACTIVE,2019-08-18 19:34:11,center
user3,confirm,,,2019-08-18 10:34:11,
user3,19971.png,left,ATTRACTIVE,2019-08-18 19:34:23,center
user3,20592.png,left,ATTRACTIVE,2019-08-18 19:34:23,center
user3,20965.png,left,ATTRACTIVE,2019-08-18 19:34:23,center
user3,00880.png,right,ATTRACTIVE,2019-08-18 19:34:28,center
user3,11080.png,right,ATTRACTIVE,2019-08-18 19:34:28,center
user3,14633.png,right,ATTRACTIVE,2019-08-18 19:34:28,center
user3,17816.png,right,ATTRACTIVE,2019-08-18 19:34:28,center
user3,20367.png,right,ATTRACTIVE,2019-08-18 19:34:28,center
user3,57426.png,right,ATTRACTIVE,2019-08-18 19:34:28,center
user3,57760.png,right,ATTRACTIVE,2019-08-18 19:34:28,center
user3,57909.png,right,ATTRACTIVE,2019-08-18 19:34:28,center
user3,58008.png,right,ATTRACTIVE,2019-08-18 19:34:28,center
user3,58174.png,right,ATTRACTIVE,2019-08-18 19:34:28,center
user3,58361.png,right,ATTRACTIVE,2019-08-18 19:34:28,center
user3,confirm,,,2019-08-18 10:34:29,
user3,57967.png,left,ATTRACTIVE,2019-08-18 19:34:40,center
user3,01483.png,right,ATTRACTIVE,2019-08-18 19:34:46,center
user3,17412.png,right,ATTRACTIVE,2019-08-18 19:34:46,center
user3,19912.png,right,ATTRACTIVE,2019-08-18 19:34:46,center
user3,20255.png,right,ATTRACTIVE,2019-08-18 19:34:46,center
user3,20586.png,right,ATTRACTIVE,2019-08-18 19:34:46,center
user3,20504.png,right,ATTRACTIVE,2019-08-18 19:34:46,center
user3,20773.png,right,ATTRACTIVE,2019-08-18 19:34:46,center
user3,57169.png,right,ATTRACTIVE,2019-08-18 19:34:46,center
user3,57038.png,right,ATTRACTIVE,2019-08-18 19:34:46,center
user3,58165.png,right,ATTRACTIVE,2019-08-18 19:34:46,center
user3,57919.png,right,ATTRACTIVE,2019-08-18 19:34:46,center
user3,58463.png,right,ATTRACTIVE,2019-08-18 19:34:46,center
user3,58477.png,right,ATTRACTIVE,2019-08-18 19:34:46,center
user3,confirm,,,2019-08-18 10:34:46,
user3,20889.png,left,ATTRACTIVE,2019-08-18 19:34:58,center
user3,58511.png,left,ATTRACTIVE,2019-08-18 19:34:58,center
user3,57998.png,left,ATTRACTIVE,2019-08-18 19:34:58,center
user3,00871.png,right,ATTRACTIVE,2019-08-18 19:35:04,center
user3,01966.png,right,ATTRACTIVE,2019-08-18 19:35:04,center
user3,01978.png,right,ATTRACTIVE,2019-08-18 19:35:04,center
user3,17506.png,right,ATTRACTIVE,2019-08-18 19:35:04,center
user3,19811.png,right,ATTRACTIVE,2019-08-18 19:35:04,center
user3,19899.png,right,ATTRACTIVE,2019-08-18 19:35:04,center
user3,20894.png,right,ATTRACTIVE,2019-08-18 19:35:04,center
user3,57058.png,right,ATTRACTIVE,2019-08-18 19:35:04,center
user3,57448.png,right,ATTRACTIVE,2019-08-18 19:35:04,center
user3,58005.png,right,ATTRACTIVE,2019-08-18 19:35:04,center
user3,57452.png,right,ATTRACTIVE,2019-08-18 19:35:04,center
user3,confirm,,,2019-08-18 10:35:04,
user3,05206.png,left,ATTRACTIVE,2019-08-18 19:35:13,center
user3,57625.png,left,ATTRACTIVE,2019-08-18 19:35:13,center
user3,15598.png,left,ATTRACTIVE,2019-08-18 19:35:13,center
user3,02518.png,right,ATTRACTIVE,2019-08-18 19:35:19,center
user3,09716.png,right,ATTRACTIVE,2019-08-18 19:35:19,center
user3,11568.png,right,ATTRACTIVE,2019-08-18 19:35:19,center
user3,19948.png,right,ATTRACTIVE,2019-08-18 19:35:19,center
user3,20538.png,right,ATTRACTIVE,2019-08-18 19:35:19,center
user3,20838.png,right,ATTRACTIVE,2019-08-18 19:35:19,center
user3,57069.png,right,ATTRACTIVE,2019-08-18 19:35:19,center
user3,57070.png,right,ATTRACTIVE,2019-08-18 19:35:19,center
user3,58227.png,right,ATTRACTIVE,2019-08-18 19:35:19,center
user3,58543.png,right,ATTRACTIVE,2019-08-18 19:35:19,center
user3,57480.png,left,ATTRACTIVE,2019-08-18 19:35:19,center
user3,confirm,,,2019-08-18 10:35:20,
user3,00011.png,left,ATTRACTIVE,2019-08-18 19:35:31,center
user3,57800.png,left,ATTRACTIVE,2019-08-18 19:35:31,center
user3,58256.png,left,ATTRACTIVE,2019-08-18 19:35:31,center
user3,58163.png,left,ATTRACTIVE,2019-08-18 19:35:31,center
user3,05546.png,right,ATTRACTIVE,2019-08-18 19:35:35,center
user3,07438.png,right,ATTRACTIVE,2019-08-18 19:35:35,center
user3,20192.png,right,ATTRACTIVE,2019-08-18 19:35:35,center
user3,10249.png,right,ATTRACTIVE,2019-08-18 19:35:35,center
user3,20311.png,right,ATTRACTIVE,2019-08-18 19:35:35,center
user3,57365.png,right,ATTRACTIVE,2019-08-18 19:35:35,center
user3,58208.png,right,ATTRACTIVE,2019-08-18 19:35:35,center
user3,58365.png,right,ATTRACTIVE,2019-08-18 19:35:35,center
user3,58398.png,right,ATTRACTIVE,2019-08-18 19:35:35,center
user3,19913.png,left,ATTRACTIVE,2019-08-18 19:35:36,center
user3,confirm,,,2019-08-18 10:35:37,
user3,17364.png,left,ATTRACTIVE,2019-08-18 19:35:48,center
user3,19796.png,left,ATTRACTIVE,2019-08-18 19:35:48,center
user3,57359.png,left,ATTRACTIVE,2019-08-18 19:35:48,center
user3,57615.png,left,ATTRACTIVE,2019-08-18 19:35:48,center
user3,57738.png,left,ATTRACTIVE,2019-08-18 19:35:51,center
user3,02286.png,right,ATTRACTIVE,2019-08-18 19:35:55,center
user3,07642.png,right,ATTRACTIVE,2019-08-18 19:35:55,center
user3,13542.png,right,ATTRACTIVE,2019-08-18 19:35:55,center
user3,19818.png,right,ATTRACTIVE,2019-08-18 19:35:55,center
user3,19800.png,right,ATTRACTIVE,2019-08-18 19:35:55,center
user3,19858.png,right,ATTRACTIVE,2019-08-18 19:35:55,center
user3,20690.png,right,ATTRACTIVE,2019-08-18 19:35:55,center
user3,57295.png,right,ATTRACTIVE,2019-08-18 19:35:55,center
user3,57355.png,right,ATTRACTIVE,2019-08-18 19:35:55,center
user3,confirm,,,2019-08-18 10:35:55,
user3,01688.png,left,ATTRACTIVE,2019-08-18 19:36:09,center
user3,19962.png,left,ATTRACTIVE,2019-08-18 19:36:09,center
user3,20020.png,left,ATTRACTIVE,2019-08-18 19:36:09,center
user3,58212.png,left,ATTRACTIVE,2019-08-18 19:36:09,center
user3,00770.png,right,ATTRACTIVE,2019-08-18 19:36:13,center
user3,04002.png,right,ATTRACTIVE,2019-08-18 19:36:13,center
user3,06432.png,right,ATTRACTIVE,2019-08-18 19:36:13,center
user3,13701.png,right,ATTRACTIVE,2019-08-18 19:36:13,center
user3,14783.png,right,ATTRACTIVE,2019-08-18 19:36:13,center
user3,17647.png,right,ATTRACTIVE,2019-08-18 19:36:13,center
user3,20363.png,right,ATTRACTIVE,2019-08-18 19:36:13,center
user3,57646.png,right,ATTRACTIVE,2019-08-18 19:36:13,center
user3,57249.png,right,ATTRACTIVE,2019-08-18 19:36:13,center
user3,58535.png,right,ATTRACTIVE,2019-08-18 19:36:13,center
user3,confirm,,,2019-08-18 10:36:14,
user3,20819.png,left,ATTRACTIVE,2019-08-18 19:36:27,center
user3,57113.png,left,ATTRACTIVE,2019-08-18 19:36:27,center
user3,57275.png,left,ATTRACTIVE,2019-08-18 19:36:27,center
user3,57587.png,left,ATTRACTIVE,2019-08-18 19:36:27,center
user3,57708.png,left,ATTRACTIVE,2019-08-18 19:36:27,center
user3,58178.png,left,ATTRACTIVE,2019-08-18 19:36:27,center
user3,58433.png,left,ATTRACTIVE,2019-08-18 19:36:27,center
user3,10110.png,right,ATTRACTIVE,2019-08-18 19:36:31,center
user3,19925.png,right,ATTRACTIVE,2019-08-18 19:36:31,center
user3,20185.png,right,ATTRACTIVE,2019-08-18 19:36:31,center
user3,20951.png,right,ATTRACTIVE,2019-08-18 19:36:31,center
user3,57314.png,right,ATTRACTIVE,2019-08-18 19:36:31,center
user3,57642.png,right,ATTRACTIVE,2019-08-18 19:36:31,center
user3,57968.png,right,ATTRACTIVE,2019-08-18 19:36:31,center
user3,confirm,,,2019-08-18 10:36:31,
user3,20882.png,left,ATTRACTIVE,2019-08-18 19:36:45,center
user3,57400.png,left,ATTRACTIVE,2019-08-18 19:36:45,center
user3,58171.png,left,ATTRACTIVE,2019-08-18 19:36:45,center
user3,58228.png,left,ATTRACTIVE,2019-08-18 19:36:45,center
user3,58391.png,left,ATTRACTIVE,2019-08-18 19:36:45,center
user3,09885.png,right,ATTRACTIVE,2019-08-18 19:36:49,center
user3,20754.png,right,ATTRACTIVE,2019-08-18 19:36:49,center
user3,03853.png,right,ATTRACTIVE,2019-08-18 19:36:49,center
user3,20621.png,right,ATTRACTIVE,2019-08-18 19:36:49,center
user3,57399.png,right,ATTRACTIVE,2019-08-18 19:36:49,center
user3,57720.png,right,ATTRACTIVE,2019-08-18 19:36:49,center
user3,57962.png,right,ATTRACTIVE,2019-08-18 19:36:49,center
user3,58460.png,right,ATTRACTIVE,2019-08-18 19:36:49,center
user3,10204.png,left,ATTRACTIVE,2019-08-18 19:36:50,center
user3,confirm,,,2019-08-18 10:36:50,
user3,07968.png,left,ATTRACTIVE,2019-08-18 19:37:03,center
user3,08216.png,left,ATTRACTIVE,2019-08-18 19:37:03,center
user3,16678.png,left,ATTRACTIVE,2019-08-18 19:37:03,center
user3,57283.png,left,ATTRACTIVE,2019-08-18 19:37:03,center
user3,57114.png,left,ATTRACTIVE,2019-08-18 19:37:03,center
user3,58353.png,left,ATTRACTIVE,2019-08-18 19:37:03,center
user3,03649.png,right,ATTRACTIVE,2019-08-18 19:37:07,center
user3,06526.png,right,ATTRACTIVE,2019-08-18 19:37:07,center
user3,14620.png,right,ATTRACTIVE,2019-08-18 19:37:07,center
user3,20607.png,right,ATTRACTIVE,2019-08-18 19:37:07,center
user3,20878.png,right,ATTRACTIVE,2019-08-18 19:37:07,center
user3,57341.png,right,ATTRACTIVE,2019-08-18 19:37:07,center
user3,57717.png,right,ATTRACTIVE,2019-08-18 19:37:07,center
user3,58419.png,right,ATTRACTIVE,2019-08-18 19:37:07,center
user3,confirm,,,2019-08-18 10:37:07,
user3,12989.png,left,ATTRACTIVE,2019-08-18 19:37:19,center
user3,57536.png,left,ATTRACTIVE,2019-08-18 19:37:19,center
user3,57895.png,left,ATTRACTIVE,2019-08-18 19:37:19,center
user3,58023.png,left,ATTRACTIVE,2019-08-18 19:37:19,center
user3,02791.png,right,ATTRACTIVE,2019-08-18 19:37:23,center
user3,05582.png,right,ATTRACTIVE,2019-08-18 19:37:23,center
user3,20636.png,right,ATTRACTIVE,2019-08-18 19:37:23,center
user3,20437.png,right,ATTRACTIVE,2019-08-18 19:37:23,center
user3,20896.png,right,ATTRACTIVE,2019-08-18 19:37:23,center
user3,57053.png,right,ATTRACTIVE,2019-08-18 19:37:23,center
user3,57247.png,right,ATTRACTIVE,2019-08-18 19:37:23,center
user3,57357.png,right,ATTRACTIVE,2019-08-18 19:37:23,center
user3,57799.png,right,ATTRACTIVE,2019-08-18 19:37:23,center
user3,57809.png,right,ATTRACTIVE,2019-08-18 19:37:23,center
user3,confirm,,,2019-08-18 10:37:23,
user3,19862.png,left,ATTRACTIVE,2019-08-18 19:37:42,center
user3,57167.png,left,ATTRACTIVE,2019-08-18 19:37:42,center
user3,57910.png,center,ATTRACTIVE,2019-08-18 19:37:43,center
user3,58215.png,center,ATTRACTIVE,2019-08-18 19:37:43,center
user3,58215.png,left,ATTRACTIVE,2019-08-18 19:37:45,center
user3,04731.png,right,ATTRACTIVE,2019-08-18 19:37:49,center
user3,06566.png,right,ATTRACTIVE,2019-08-18 19:37:49,center
user3,06004.png,right,ATTRACTIVE,2019-08-18 19:37:49,center
user3,16912.png,right,ATTRACTIVE,2019-08-18 19:37:49,center
user3,57910.png,right,ATTRACTIVE,2019-08-18 19:37:49,center
user3,20160.png,right,ATTRACTIVE,2019-08-18 19:37:49,center
user3,20305.png,right,ATTRACTIVE,2019-08-18 19:37:49,center
user3,20520.png,right,ATTRACTIVE,2019-08-18 19:37:49,center
user3,20591.png,right,ATTRACTIVE,2019-08-18 19:37:49,center
user3,57075.png,right,ATTRACTIVE,2019-08-18 19:37:49,center
user3,57170.png,right,ATTRACTIVE,2019-08-18 19:37:49,center
user3,confirm,,,2019-08-18 10:37:49,
user3,05567.png,left,ATTRACTIVE,2019-08-18 19:38:00,center
user3,19859.png,left,ATTRACTIVE,2019-08-18 19:38:00,center
user3,05472.png,left,ATTRACTIVE,2019-08-18 19:38:03,center
user3,58213.png,left,ATTRACTIVE,2019-08-18 19:38:03,center
user3,02140.png,right,ATTRACTIVE,2019-08-18 19:38:09,center
user3,03038.png,right,ATTRACTIVE,2019-08-18 19:38:09,center
user3,13942.png,right,ATTRACTIVE,2019-08-18 19:38:09,center
user3,19906.png,right,ATTRACTIVE,2019-08-18 19:38:09,center
user3,20597.png,right,ATTRACTIVE,2019-08-18 19:38:09,center
user3,20650.png,right,ATTRACTIVE,2019-08-18 19:38:09,center
user3,20665.png,right,ATTRACTIVE,2019-08-18 19:38:09,center
user3,20823.png,right,ATTRACTIVE,2019-08-18 19:38:09,center
user3,58070.png,right,ATTRACTIVE,2019-08-18 19:38:09,center
user3,58091.png,right,ATTRACTIVE,2019-08-18 19:38:09,center
user3,confirm,,,2019-08-18 10:38:09,
user3,20104.png,left,ATTRACTIVE,2019-08-18 19:38:19,center
user3,57633.png,left,ATTRACTIVE,2019-08-18 19:38:19,center
user3,02782.png,right,ATTRACTIVE,2019-08-18 19:38:25,center
user3,11232.png,right,ATTRACTIVE,2019-08-18 19:38:25,center
user3,19817.png,right,ATTRACTIVE,2019-08-18 19:38:25,center
user3,20656.png,right,ATTRACTIVE,2019-08-18 19:38:25,center
user3,20822.png,right,ATTRACTIVE,2019-08-18 19:38:25,center
user3,20890.png,right,ATTRACTIVE,2019-08-18 19:38:25,center
user3,57245.png,right,ATTRACTIVE,2019-08-18 19:38:25,center
user3,57518.png,right,ATTRACTIVE,2019-08-18 19:38:25,center
user3,57814.png,right,ATTRACTIVE,2019-08-18 19:38:25,center
user3,57856.png,right,ATTRACTIVE,2019-08-18 19:38:25,center
user3,57915.png,right,ATTRACTIVE,2019-08-18 19:38:25,center
user3,58209.png,right,ATTRACTIVE,2019-08-18 19:38:25,center
user3,confirm,,,2019-08-18 10:38:25,
user3,12660.png,left,ATTRACTIVE,2019-08-18 19:38:34,center
user3,20228.png,left,ATTRACTIVE,2019-08-18 19:38:34,center
user3,20258.png,left,ATTRACTIVE,2019-08-18 19:38:34,center
user3,57032.png,left,ATTRACTIVE,2019-08-18 19:38:34,center
user3,04799.png,right,ATTRACTIVE,2019-08-18 19:38:38,center
user3,06977.png,right,ATTRACTIVE,2019-08-18 19:38:38,center
user3,15896.png,right,ATTRACTIVE,2019-08-18 19:38:38,center
user3,20663.png,right,ATTRACTIVE,2019-08-18 19:38:38,center
user3,20764.png,right,ATTRACTIVE,2019-08-18 19:38:38,center
user3,16218.png,right,ATTRACTIVE,2019-08-18 19:38:38,center
user3,57406.png,right,ATTRACTIVE,2019-08-18 19:38:38,center
user3,57651.png,right,ATTRACTIVE,2019-08-18 19:38:38,center
user3,57773.png,right,ATTRACTIVE,2019-08-18 19:38:38,center
user3,58278.png,right,ATTRACTIVE,2019-08-18 19:38:38,center
user3,confirm,,,2019-08-18 10:38:39,
user3,18307.png,left,ATTRACTIVE,2019-08-18 19:38:51,center
user3,58083.png,left,ATTRACTIVE,2019-08-18 19:38:51,center
user3,58100.png,left,ATTRACTIVE,2019-08-18 19:38:51,center
user3,05497.png,right,ATTRACTIVE,2019-08-18 19:38:56,center
user3,07637.png,right,ATTRACTIVE,2019-08-18 19:38:56,center
user3,20190.png,right,ATTRACTIVE,2019-08-18 19:38:56,center
user3,20810.png,right,ATTRACTIVE,2019-08-18 19:38:56,center
user3,57013.png,right,ATTRACTIVE,2019-08-18 19:38:56,center
user3,57503.png,right,ATTRACTIVE,2019-08-18 19:38:56,center
user3,57597.png,right,ATTRACTIVE,2019-08-18 19:38:56,center
user3,57669.png,right,ATTRACTIVE,2019-08-18 19:38:56,center
user3,57709.png,right,ATTRACTIVE,2019-08-18 19:38:56,center
user3,57885.png,right,ATTRACTIVE,2019-08-18 19:38:56,center
user3,00609.png,left,ATTRACTIVE,2019-08-18 19:38:57,center
user3,confirm,,,2019-08-18 10:38:58,
user3,57068.png,center,ATTRACTIVE,2019-08-18 19:39:00,center
user3,04823.png,left,ATTRACTIVE,2019-08-18 19:39:11,center
user3,20006.png,left,ATTRACTIVE,2019-08-18 19:39:11,center
user3,20481.png,left,ATTRACTIVE,2019-08-18 19:39:11,center
user3,20077.png,left,ATTRACTIVE,2019-08-18 19:39:11,center
user3,57847.png,left,ATTRACTIVE,2019-08-18 19:39:11,center
user3,06128.png,right,ATTRACTIVE,2019-08-18 19:39:15,center
user3,04870.png,right,ATTRACTIVE,2019-08-18 19:39:15,center
user3,08472.png,right,ATTRACTIVE,2019-08-18 19:39:15,center
user3,13134.png,right,ATTRACTIVE,2019-08-18 19:39:15,center
user3,19864.png,right,ATTRACTIVE,2019-08-18 19:39:15,center
user3,20503.png,right,ATTRACTIVE,2019-08-18 19:39:15,center
user3,57068.png,right,ATTRACTIVE,2019-08-18 19:39:15,center
user3,57230.png,right,ATTRACTIVE,2019-08-18 19:39:15,center
user3,57746.png,right,ATTRACTIVE,2019-08-18 19:39:15,center
user3,confirm,,,2019-08-18 10:39:16,
user3,20604.png,left,ATTRACTIVE,2019-08-18 19:39:28,center
user3,57168.png,left,ATTRACTIVE,2019-08-18 19:39:28,center
user3,10505.png,right,ATTRACTIVE,2019-08-18 19:39:33,center
user3,11004.png,right,ATTRACTIVE,2019-08-18 19:39:33,center
user3,16727.png,right,ATTRACTIVE,2019-08-18 19:39:33,center
user3,16864.png,right,ATTRACTIVE,2019-08-18 19:39:33,center
user3,20648.png,right,ATTRACTIVE,2019-08-18 19:39:33,center
user3,19993.png,right,ATTRACTIVE,2019-08-18 19:39:33,center
user3,57162.png,right,ATTRACTIVE,2019-08-18 19:39:33,center
user3,57166.png,right,ATTRACTIVE,2019-08-18 19:39:33,center
user3,57214.png,right,ATTRACTIVE,2019-08-18 19:39:33,center
user3,58158.png,right,ATTRACTIVE,2019-08-18 19:39:33,center
user3,57241.png,right,ATTRACTIVE,2019-08-18 19:39:33,center
user3,58549.png,right,ATTRACTIVE,2019-08-18 19:39:33,center
user3,confirm,,,2019-08-18 10:39:34,
user3,57718.png,left,ATTRACTIVE,2019-08-18 19:41:12,center
user3,58170.png,left,ATTRACTIVE,2019-08-18 19:41:12,center
user3,58400.png,left,ATTRACTIVE,2019-08-18 19:41:12,center
user3,57025.png,left,ATTRACTIVE,2019-08-18 19:41:13,center
user3,02671.png,right,ATTRACTIVE,2019-08-18 19:41:17,center
user3,06066.png,right,ATTRACTIVE,2019-08-18 19:41:17,center
user3,17701.png,right,ATTRACTIVE,2019-08-18 19:41:17,center
user3,13717.png,right,ATTRACTIVE,2019-08-18 19:41:17,center
user3,57043.png,right,ATTRACTIVE,2019-08-18 19:41:17,center
user3,57203.png,right,ATTRACTIVE,2019-08-18 19:41:17,center
user3,57279.png,right,ATTRACTIVE,2019-08-18 19:41:17,center
user3,57714.png,right,ATTRACTIVE,2019-08-18 19:41:17,center
user3,57912.png,right,ATTRACTIVE,2019-08-18 19:41:17,center
user3,58308.png,right,ATTRACTIVE,2019-08-18 19:41:17,center
user3,confirm,,,2019-08-18 10:41:18,
user3,20073.png,left,ATTRACTIVE,2019-08-18 19:41:26,center
user3,57812.png,left,ATTRACTIVE,2019-08-18 19:41:26,center
user3,58369.png,left,ATTRACTIVE,2019-08-18 19:41:26,center
user3,03266.png,right,ATTRACTIVE,2019-08-18 19:41:32,center
user3,07787.png,right,ATTRACTIVE,2019-08-18 19:41:32,center
user3,06362.png,right,ATTRACTIVE,2019-08-18 19:41:32,center
user3,13475.png,right,ATTRACTIVE,2019-08-18 19:41:32,center
user3,20456.png,right,ATTRACTIVE,2019-08-18 19:41:32,center
user3,16240.png,right,ATTRACTIVE,2019-08-18 19:41:32,center
user3,20876.png,right,ATTRACTIVE,2019-08-18 19:41:32,center
user3,57130.png,right,ATTRACTIVE,2019-08-18 19:41:32,center
user3,20932.png,right,ATTRACTIVE,2019-08-18 19:41:32,center
user3,57250.png,right,ATTRACTIVE,2019-08-18 19:41:32,center
user3,58441.png,right,ATTRACTIVE,2019-08-18 19:41:32,center
user3,confirm,,,2019-08-18 10:41:33,
user3,11032.png,left,ATTRACTIVE,2019-08-18 19:41:58,center
user3,57197.png,left,ATTRACTIVE,2019-08-18 19:41:58,center
user3,57281.png,left,ATTRACTIVE,2019-08-18 19:41:58,center
user3,58065.png,left,ATTRACTIVE,2019-08-18 19:41:58,center
user3,58297.png,left,ATTRACTIVE,2019-08-18 19:41:58,center
user3,58374.png,left,ATTRACTIVE,2019-08-18 19:41:58,center
user3,00511.png,right,ATTRACTIVE,2019-08-18 19:42:01,center
user3,20463.png,right,ATTRACTIVE,2019-08-18 19:42:01,center
user3,21000.png,right,ATTRACTIVE,2019-08-18 19:42:01,center
user3,20899.png,right,ATTRACTIVE,2019-08-18 19:42:01,center
user3,57193.png,right,ATTRACTIVE,2019-08-18 19:42:01,center
user3,57073.png,right,ATTRACTIVE,2019-08-18 19:42:01,center
user3,57510.png,right,ATTRACTIVE,2019-08-18 19:42:01,center
user3,57564.png,right,ATTRACTIVE,2019-08-18 19:42:01,center
user3,confirm,,,2019-08-18 10:42:02,
user3,03694.png,left,ATTRACTIVE,2019-08-18 19:42:11,center
user3,14043.png,left,ATTRACTIVE,2019-08-18 19:42:11,center
user3,05435.png,left,ATTRACTIVE,2019-08-18 19:42:11,center
user3,58340.png,left,ATTRACTIVE,2019-08-18 19:42:11,center
user3,00545.png,right,ATTRACTIVE,2019-08-18 19:42:15,center
user3,02583.png,right,ATTRACTIVE,2019-08-18 19:42:15,center
user3,05477.png,right,ATTRACTIVE,2019-08-18 19:42:15,center
user3,00554.png,right,ATTRACTIVE,2019-08-18 19:42:15,center
user3,12038.png,right,ATTRACTIVE,2019-08-18 19:42:15,center
user3,02435.png,right,ATTRACTIVE,2019-08-18 19:42:15,center
user3,20387.png,right,ATTRACTIVE,2019-08-18 19:42:15,center
user3,20583.png,right,ATTRACTIVE,2019-08-18 19:42:15,center
user3,20667.png,right,ATTRACTIVE,2019-08-18 19:42:15,center
user3,57364.png,right,ATTRACTIVE,2019-08-18 19:42:15,center
user3,confirm,,,2019-08-18 10:42:15,
user3,13299.png,left,ATTRACTIVE,2019-08-18 19:42:24,center
user3,20971.png,left,ATTRACTIVE,2019-08-18 19:42:24,center
user3,57198.png,left,ATTRACTIVE,2019-08-18 19:42:24,center
user3,01897.png,right,ATTRACTIVE,2019-08-18 19:42:30,center
user3,08862.png,right,ATTRACTIVE,2019-08-18 19:42:30,center
user3,19999.png,right,ATTRACTIVE,2019-08-18 19:42:30,center
user3,20358.png,right,ATTRACTIVE,2019-08-18 19:42:30,center
user3,20805.png,right,ATTRACTIVE,2019-08-18 19:42:30,center
user3,20950.png,right,ATTRACTIVE,2019-08-18 19:42:30,center
user3,20964.png,right,ATTRACTIVE,2019-08-18 19:42:30,center
user3,57549.png,right,ATTRACTIVE,2019-08-18 19:42:30,center
user3,58509.png,right,ATTRACTIVE,2019-08-18 19:42:30,center
user3,57811.png,right,ATTRACTIVE,2019-08-18 19:42:30,center
user3,57191.png,left,ATTRACTIVE,2019-08-18 19:42:31,center
user3,confirm,,,2019-08-18 10:42:32,
user3,19873.png,left,ATTRACTIVE,2019-08-18 19:42:43,center
user3,57914.png,left,ATTRACTIVE,2019-08-18 19:42:43,center
user3,57103.png,left,ATTRACTIVE,2019-08-18 19:42:43,center
user3,02156.png,right,ATTRACTIVE,2019-08-18 19:42:48,center
user3,04219.png,right,ATTRACTIVE,2019-08-18 19:42:48,center
user3,06824.png,right,ATTRACTIVE,2019-08-18 19:42:48,center
user3,14852.png,right,ATTRACTIVE,2019-08-18 19:42:48,center
user3,17425.png,right,ATTRACTIVE,2019-08-18 19:42:48,center
user3,18398.png,right,ATTRACTIVE,2019-08-18 19:42:48,center
user3,19831.png,right,ATTRACTIVE,2019-08-18 19:42:48,center
user3,19933.png,right,ATTRACTIVE,2019-08-18 19:42:48,center
user3,20005.png,right,ATTRACTIVE,2019-08-18 19:42:48,center
user3,20578.png,right,ATTRACTIVE,2019-08-18 19:42:48,center
user3,20836.png,right,ATTRACTIVE,2019-08-18 19:42:48,center
user3,confirm,,,2019-08-18 10:42:49,
user8,Login,,,2019-08-19 12:12:10,
user8,16259.png,left,ATTRACTIVE,2019-08-19 21:12:18,center
user8,00751.png,right,ATTRACTIVE,2019-08-19 21:12:19,center
user8,20282.png,center,ATTRACTIVE,2019-08-19 21:12:27,center
user8,20282.png,center,ATTRACTIVE,2019-08-19 21:12:48,center
user8,20282.png,left,ATTRACTIVE,2019-08-19 21:12:52,center
user8,20084.png,left,ATTRACTIVE,2019-08-19 21:12:52,center
user8,05276.png,left,ATTRACTIVE,2019-08-19 21:12:52,center
user8,11299.png,right,ATTRACTIVE,2019-08-19 21:13:08,center
user8,14326.png,right,ATTRACTIVE,2019-08-19 21:13:08,center
user8,02947.png,right,ATTRACTIVE,2019-08-19 21:13:08,center
user8,57590.png,right,ATTRACTIVE,2019-08-19 21:13:08,center
user8,confirm,,,2019-08-19 12:13:22,
user8,05544.png,left,ATTRACTIVE,2019-08-19 21:14:21,center
user8,10249.png,left,ATTRACTIVE,2019-08-19 21:14:21,center
user8,57998.png,left,ATTRACTIVE,2019-08-19 21:14:21,center
user8,58357.png,left,ATTRACTIVE,2019-08-19 21:14:21,center
user8,20593.png,right,ATTRACTIVE,2019-08-19 21:14:27,center
user8,20736.png,right,ATTRACTIVE,2019-08-19 21:14:27,center
user8,19824.png,right,ATTRACTIVE,2019-08-19 21:14:27,center
user8,20871.png,right,ATTRACTIVE,2019-08-19 21:14:27,center
user8,57207.png,right,ATTRACTIVE,2019-08-19 21:14:27,center
user8,confirm,,,2019-08-19 12:14:39,
user8,20126.png,center,ATTRACTIVE,2019-08-19 21:14:56,center
user8,14404.png,right,ATTRACTIVE,2019-08-19 21:15:05,center
user8,20005.png,right,ATTRACTIVE,2019-08-19 21:15:05,center
user8,20126.png,right,ATTRACTIVE,2019-08-19 21:15:05,center
user8,20691.png,right,ATTRACTIVE,2019-08-19 21:15:05,center
user8,57301.png,right,ATTRACTIVE,2019-08-19 21:15:05,center
user8,05396.png,center,ATTRACTIVE,2019-08-19 21:15:08,center
user8,05396.png,left,ATTRACTIVE,2019-08-19 21:15:14,center
user8,57006.png,left,ATTRACTIVE,2019-08-19 21:15:16,center
user8,confirm,,,2019-08-19 12:15:27,
user8,20647.png,left,ATTRACTIVE,2019-08-19 21:15:27,center
user8,20959.png,left,ATTRACTIVE,2019-08-19 21:15:27,center
user8,16218.png,center,ATTRACTIVE,2019-08-19 21:15:30,center
user8,08494.png,right,ATTRACTIVE,2019-08-19 21:15:40,center
user8,16218.png,right,ATTRACTIVE,2019-08-19 21:15:40,center
user8,20022.png,center,ATTRACTIVE,2019-08-19 21:15:40,center
user8,20022.png,center,ATTRACTIVE,2019-08-19 21:15:41,center
user8,20022.png,left,ATTRACTIVE,2019-08-19 21:15:42,center
user8,20795.png,left,ATTRACTIVE,2019-08-19 21:15:53,center
user8,confirm,,,2019-08-19 12:16:11,
user8,00554.png,right,ATTRACTIVE,2019-08-19 21:16:18,center
user8,06782.png,right,ATTRACTIVE,2019-08-19 21:16:18,center
user8,12537.png,right,ATTRACTIVE,2019-08-19 21:16:18,center
user8,18472.png,right,ATTRACTIVE,2019-08-19 21:16:18,center
user8,19974.png,center,ATTRACTIVE,2019-08-19 21:16:19,center
user8,19974.png,right,ATTRACTIVE,2019-08-19 21:16:21,center
user8,19974.png,center,ATTRACTIVE,2019-08-19 21:16:22,right
user8,58459.png,left,ATTRACTIVE,2019-08-19 21:16:26,center
user8,confirm,,,2019-08-19 12:16:37,
user8,17701.png,right,ATTRACTIVE,2019-08-19 21:25:01,center
user8,57248.png,right,ATTRACTIVE,2019-08-19 21:25:01,center
user8,57052.png,right,ATTRACTIVE,2019-08-19 21:25:05,center
user8,57013.png,left,ATTRACTIVE,2019-08-19 21:25:13,center
user8,confirm,,,2019-08-19 12:25:27,
user8,57400.png,left,ATTRACTIVE,2019-08-19 21:25:26,center
user8,57919.png,left,ATTRACTIVE,2019-08-19 21:25:26,center
user8,58123.png,left,ATTRACTIVE,2019-08-19 21:25:26,center
user8,58083.png,left,ATTRACTIVE,2019-08-19 21:25:26,center
user8,00779.png,center,ATTRACTIVE,2019-08-19 21:25:27,center
user8,06764.png,right,ATTRACTIVE,2019-08-19 21:25:35,center
user8,20257.png,right,ATTRACTIVE,2019-08-19 21:25:35,center
user8,20158.png,right,ATTRACTIVE,2019-08-19 21:25:35,center
user8,19794.png,right,ATTRACTIVE,2019-08-19 21:25:35,center
user8,confirm,,,2019-08-19 12:25:45,
user8,58150.png,left,ATTRACTIVE,2019-08-19 21:29:44,center
user8,58187.png,left,ATTRACTIVE,2019-08-19 21:29:44,center
user8,03823.png,right,ATTRACTIVE,2019-08-19 21:29:50,center
user8,57062.png,right,ATTRACTIVE,2019-08-19 21:29:52,center
user8,confirm,,,2019-08-19 12:30:11,
user6,Login,,,2019-08-19 15:49:14,
user6,57933.png,center,ATTRACTIVE,2019-08-20 01:03:46,center
user6,57933.png,right,ATTRACTIVE,2019-08-20 01:04:11,center
user6,20959.png,center,ATTRACTIVE,2019-08-20 01:04:14,center
user6,20959.png,left,ATTRACTIVE,2019-08-20 01:04:21,center
user6,16375.png,left,ATTRACTIVE,2019-08-20 01:04:23,center
user6,57721.png,right,ATTRACTIVE,2019-08-20 01:04:29,center
user6,11061.png,right,ATTRACTIVE,2019-08-20 01:04:33,center
user6,58530.png,left,ATTRACTIVE,2019-08-20 01:04:36,center
user6,10465.png,left,ATTRACTIVE,2019-08-20 01:04:36,center
user6,15598.png,left,ATTRACTIVE,2019-08-20 01:04:36,center
user6,57036.png,left,ATTRACTIVE,2019-08-20 01:04:36,center
user6,57036.png,center,ATTRACTIVE,2019-08-20 01:04:42,center
user6,confirm,,,2019-08-19 15:51:16,
user6,20246.png,right,ATTRACTIVE,2019-08-20 01:05:06,center
user6,20487.png,right,ATTRACTIVE,2019-08-20 01:05:10,center
user6,19818.png,right,ATTRACTIVE,2019-08-20 01:05:11,center
user6,17489.png,right,ATTRACTIVE,2019-08-20 01:05:12,center
user6,57579.png,left,ATTRACTIVE,2019-08-20 01:05:18,center
user6,57662.png,left,ATTRACTIVE,2019-08-20 01:05:22,center
user6,57006.png,left,ATTRACTIVE,2019-08-20 01:05:32,center
user6,02986.png,left,ATTRACTIVE,2019-08-20 01:05:32,center
user6,57006.png,center,ATTRACTIVE,2019-08-20 01:05:34,center
user6,57380.png,right,ATTRACTIVE,2019-08-20 01:05:42,center
user6,20538.png,right,ATTRACTIVE,2019-08-20 01:05:51,center
user6,confirm,,,2019-08-19 15:52:15,
user6,58543.png,right,ATTRACTIVE,2019-08-20 01:06:12,center
user6,58215.png,left,ATTRACTIVE,2019-08-20 01:06:28,center
user6,12038.png,right,ATTRACTIVE,2019-08-20 01:06:31,center
user6,20720.png,left,ATTRACTIVE,2019-08-20 01:06:44,center
user6,57426.png,right,ATTRACTIVE,2019-08-20 01:06:47,center
user6,57197.png,right,ATTRACTIVE,2019-08-20 01:06:52,center
user6,58166.png,left,ATTRACTIVE,2019-08-20 01:06:54,center
user6,20063.png,right,ATTRACTIVE,2019-08-20 01:06:57,center
user6,confirm,,,2019-08-19 15:53:20,
user6,19165.png,left,ATTRACTIVE,2019-08-20 01:07:07,center
user6,06752.png,left,ATTRACTIVE,2019-08-20 01:07:11,center
user6,57359.png,right,ATTRACTIVE,2019-08-20 01:07:14,center
user6,58359.png,left,ATTRACTIVE,2019-08-20 01:07:15,center
user6,57666.png,left,ATTRACTIVE,2019-08-20 01:07:17,center
user6,57004.png,right,ATTRACTIVE,2019-08-20 01:07:20,center
user6,57248.png,right,ATTRACTIVE,2019-08-20 01:07:21,center
user6,14783.png,left,ATTRACTIVE,2019-08-20 01:07:23,center
user6,19847.png,right,ATTRACTIVE,2019-08-20 01:07:24,center
user6,58522.png,left,ATTRACTIVE,2019-08-20 01:07:27,center
user6,58554.png,right,ATTRACTIVE,2019-08-20 01:07:28,center
user6,20540.png,left,ATTRACTIVE,2019-08-20 01:07:35,center
user6,confirm,,,2019-08-19 15:53:56,
user6,08088.png,right,ATTRACTIVE,2019-08-20 01:07:55,center
user6,57040.png,right,ATTRACTIVE,2019-08-20 01:08:01,center
user6,20848.png,left,ATTRACTIVE,2019-08-20 01:08:02,center
user6,20838.png,right,ATTRACTIVE,2019-08-20 01:08:02,center
user6,58353.png,right,ATTRACTIVE,2019-08-20 01:08:05,center
user6,57162.png,right,ATTRACTIVE,2019-08-20 01:08:07,center
user6,20185.png,right,ATTRACTIVE,2019-08-20 01:08:08,center
user6,20032.png,left,ATTRACTIVE,2019-08-20 01:08:09,center
user6,13462.png,left,ATTRACTIVE,2019-08-20 01:08:21,center
user6,16068.png,left,ATTRACTIVE,2019-08-20 01:08:21,center
user6,16068.png,right,ATTRACTIVE,2019-08-20 01:08:23,center
user6,19890.png,right,ATTRACTIVE,2019-08-20 01:08:29,center
user6,confirm,,,2019-08-19 15:54:51,
user6,20000.png,right,ATTRACTIVE,2019-08-20 01:08:40,center
user6,20317.png,left,ATTRACTIVE,2019-08-20 01:08:43,center
user6,20493.png,left,ATTRACTIVE,2019-08-20 01:08:45,center
user6,57883.png,left,ATTRACTIVE,2019-08-20 01:08:48,center
user6,57236.png,right,ATTRACTIVE,2019-08-20 01:08:49,center
user6,20696.png,left,ATTRACTIVE,2019-08-20 01:08:59,center
user6,20861.png,left,ATTRACTIVE,2019-08-20 01:08:59,center
user6,20861.png,center,ATTRACTIVE,2019-08-20 01:09:02,center
user6,19903.png,right,ATTRACTIVE,2019-08-20 01:09:04,center
user6,18022.png,right,ATTRACTIVE,2019-08-20 01:09:07,center
user6,20352.png,right,ATTRACTIVE,2019-08-20 01:09:17,center
user6,confirm,,,2019-08-19 15:55:44,
user6,20285.png,center,ATTRACTIVE,2019-08-20 01:09:45,center
user6,20285.png,center,ATTRACTIVE,2019-08-20 01:09:46,center
user6,20285.png,center,ATTRACTIVE,2019-08-20 01:09:48,center
user6,20285.png,center,ATTRACTIVE,2019-08-20 01:09:50,center
user6,20285.png,left,ATTRACTIVE,2019-08-20 01:09:54,center
user6,20450.png,left,ATTRACTIVE,2019-08-20 01:09:58,center
user6,57113.png,left,ATTRACTIVE,2019-08-20 01:10:08,center
user6,57641.png,left,ATTRACTIVE,2019-08-20 01:10:06,center
user6,20760.png,left,ATTRACTIVE,2019-08-20 01:10:09,center
user6,57708.png,left,ATTRACTIVE,2019-08-20 01:10:13,center
user6,57910.png,right,ATTRACTIVE,2019-08-20 01:10:14,center
user6,57357.png,right,ATTRACTIVE,2019-08-20 01:10:16,center
user6,18472.png,right,ATTRACTIVE,2019-08-20 01:10:17,center
user6,17701.png,right,ATTRACTIVE,2019-08-20 01:10:18,center
user6,confirm,,,2019-08-19 15:56:46,
user6,57615.png,left,ATTRACTIVE,2019-08-20 01:10:34,center
user6,58273.png,left,ATTRACTIVE,2019-08-20 01:10:35,center
user6,57891.png,right,ATTRACTIVE,2019-08-20 01:10:46,center
user6,57581.png,right,ATTRACTIVE,2019-08-20 01:10:53,center
user6,19802.png,right,ATTRACTIVE,2019-08-20 01:10:57,center
user6,19029.png,right,ATTRACTIVE,2019-08-20 01:10:59,center
user6,06432.png,right,ATTRACTIVE,2019-08-20 01:11:01,center
user6,05472.png,right,ATTRACTIVE,2019-08-20 01:11:10,center
user6,58256.png,right,ATTRACTIVE,2019-08-20 01:11:10,center
user6,20121.png,right,ATTRACTIVE,2019-08-20 01:11:12,center
user6,confirm,,,2019-08-19 15:57:34,
user6,20777.png,left,ATTRACTIVE,2019-08-20 01:11:21,center
user6,57852.png,left,ATTRACTIVE,2019-08-20 01:11:23,center
user6,57681.png,left,ATTRACTIVE,2019-08-20 01:11:24,center
user6,57610.png,left,ATTRACTIVE,2019-08-20 01:11:24,center
user6,05206.png,left,ATTRACTIVE,2019-08-20 01:11:31,center
user6,10244.png,right,ATTRACTIVE,2019-08-20 01:11:33,center
user6,13064.png,right,ATTRACTIVE,2019-08-20 01:11:38,center
user6,14442.png,right,ATTRACTIVE,2019-08-20 01:11:39,center
user6,20774.png,right,ATTRACTIVE,2019-08-20 01:11:42,center
user6,20367.png,left,ATTRACTIVE,2019-08-20 01:11:43,center
user6,19804.png,right,ATTRACTIVE,2019-08-20 01:11:46,center
user6,57992.png,left,ATTRACTIVE,2019-08-20 01:11:57,center
user6,confirm,,,2019-08-19 15:58:17,
user6,00770.png,right,ATTRACTIVE,2019-08-20 01:12:08,center
user6,57895.png,left,ATTRACTIVE,2019-08-20 01:12:16,center
user6,13108.png,left,ATTRACTIVE,2019-08-20 01:12:23,center
user6,02832.png,left,ATTRACTIVE,2019-08-20 01:12:26,center
user6,02254.png,right,ATTRACTIVE,2019-08-20 01:12:28,center
user6,20170.png,right,ATTRACTIVE,2019-08-20 01:12:29,center
user6,57399.png,left,ATTRACTIVE,2019-08-20 01:12:34,center
user6,57672.png,left,ATTRACTIVE,2019-08-20 01:12:40,center
user6,57177.png,right,ATTRACTIVE,2019-08-20 01:12:41,center
user6,20589.png,right,ATTRACTIVE,2019-08-20 01:12:42,center
user6,58313.png,right,ATTRACTIVE,2019-08-20 01:12:46,center
user6,confirm,,,2019-08-19 15:59:07,
user6,11299.png,right,ATTRACTIVE,2019-08-20 01:12:57,center
user6,02671.png,right,ATTRACTIVE,2019-08-20 01:12:59,center
user6,04219.png,right,ATTRACTIVE,2019-08-20 01:13:01,center
user6,19811.png,right,ATTRACTIVE,2019-08-20 01:13:03,center
user6,20416.png,left,ATTRACTIVE,2019-08-20 01:13:03,center
user6,20482.png,right,ATTRACTIVE,2019-08-20 01:13:10,center
user6,57789.png,left,ATTRACTIVE,2019-08-20 01:13:15,center
user6,57354.png,right,ATTRACTIVE,2019-08-20 01:13:16,center
user6,57510.png,right,ATTRACTIVE,2019-08-20 01:13:20,center
user6,57019.png,right,ATTRACTIVE,2019-08-20 01:13:21,center
user6,confirm,,,2019-08-19 15:59:44,
user6,57003.png,left,ATTRACTIVE,2019-08-20 01:13:34,center
user6,58538.png,right,ATTRACTIVE,2019-08-20 01:13:35,center
user6,57214.png,right,ATTRACTIVE,2019-08-20 01:13:36,center
user6,57065.png,left,ATTRACTIVE,2019-08-20 01:13:37,center
user6,05435.png,left,ATTRACTIVE,2019-08-20 01:13:39,center
user6,03823.png,right,ATTRACTIVE,2019-08-20 01:13:40,center
user6,13475.png,right,ATTRACTIVE,2019-08-20 01:13:41,center
user6,07637.png,right,ATTRACTIVE,2019-08-20 01:13:42,center
user6,confirm,,,2019-08-19 16:00:22,
user6,05494.png,left,ATTRACTIVE,2019-08-20 01:14:15,center
user6,06314.png,left,ATTRACTIVE,2019-08-20 01:14:16,center
user6,07787.png,left,ATTRACTIVE,2019-08-20 01:14:18,center
user6,20440.png,right,ATTRACTIVE,2019-08-20 01:14:20,center
user6,19830.png,right,ATTRACTIVE,2019-08-20 01:14:23,center
user6,14852.png,left,ATTRACTIVE,2019-08-20 01:14:27,center
user6,20583.png,right,ATTRACTIVE,2019-08-20 01:14:33,center
user6,57030.png,right,ATTRACTIVE,2019-08-20 01:14:33,center
user6,58528.png,right,ATTRACTIVE,2019-08-20 01:14:33,center
user6,57190.png,right,ATTRACTIVE,2019-08-20 01:14:34,center
user6,confirm,,,2019-08-19 16:00:56,
user6,57452.png,right,ATTRACTIVE,2019-08-20 01:15:23,center
user6,57632.png,right,ATTRACTIVE,2019-08-20 01:15:25,center
user6,58540.png,right,ATTRACTIVE,2019-08-20 01:15:25,center
user6,58405.png,right,ATTRACTIVE,2019-08-20 01:15:26,center
user6,57814.png,right,ATTRACTIVE,2019-08-20 01:15:28,center
user6,57485.png,right,ATTRACTIVE,2019-08-20 01:15:29,center
user6,20265.png,left,ATTRACTIVE,2019-08-20 01:15:32,center
user6,17713.png,right,ATTRACTIVE,2019-08-20 01:15:34,center
user6,57123.png,right,ATTRACTIVE,2019-08-20 01:15:36,center
user6,57355.png,right,ATTRACTIVE,2019-08-20 01:15:37,center
user6,58071.png,left,ATTRACTIVE,2019-08-20 01:15:47,center
user6,confirm,,,2019-08-19 16:02:09,
user6,20020.png,left,ATTRACTIVE,2019-08-20 01:16:04,center
user6,19909.png,right,ATTRACTIVE,2019-08-20 01:16:08,center
user6,10505.png,right,ATTRACTIVE,2019-08-20 01:16:09,center
user6,58463.png,left,ATTRACTIVE,2019-08-20 01:16:25,center
user6,57719.png,right,ATTRACTIVE,2019-08-20 01:16:39,center
user6,00197.png,left,ATTRACTIVE,2019-08-20 01:16:44,center
user6,confirm,,,2019-08-19 16:03:04,
user6,15726.png,right,ATTRACTIVE,2019-08-20 01:17:03,center
user6,20089.png,right,ATTRACTIVE,2019-08-20 01:17:05,center
user6,57478.png,right,ATTRACTIVE,2019-08-20 01:17:06,center
user6,57129.png,left,ATTRACTIVE,2019-08-20 01:17:07,center
user6,20053.png,right,ATTRACTIVE,2019-08-20 01:17:12,center
user6,19973.png,right,ATTRACTIVE,2019-08-20 01:17:13,center
user6,16883.png,right,ATTRACTIVE,2019-08-20 01:17:14,center
user6,06128.png,right,ATTRACTIVE,2019-08-20 01:17:20,center
user6,20515.png,left,ATTRACTIVE,2019-08-20 01:17:22,center
user6,20578.png,right,ATTRACTIVE,2019-08-20 01:17:23,center
user6,58142.png,left,ATTRACTIVE,2019-08-20 01:17:32,center
user6,14620.png,right,ATTRACTIVE,2019-08-20 01:17:36,center
user6,05502.png,left,ATTRACTIVE,2019-08-20 01:17:38,center
user6,confirm,,,2019-08-19 16:03:59,
user6,13668.png,right,ATTRACTIVE,2019-08-20 01:17:51,center
user6,10964.png,right,ATTRACTIVE,2019-08-20 01:17:52,center
user6,02609.png,right,ATTRACTIVE,2019-08-20 01:17:53,center
user6,57658.png,left,ATTRACTIVE,2019-08-20 01:17:55,center
user6,57490.png,right,ATTRACTIVE,2019-08-20 01:17:56,center
user6,57362.png,right,ATTRACTIVE,2019-08-20 01:17:57,center
user6,58302.png,left,ATTRACTIVE,2019-08-20 01:18:04,center
user6,57927.png,left,ATTRACTIVE,2019-08-20 01:18:08,center
user6,20819.png,left,ATTRACTIVE,2019-08-20 01:18:09,center
user6,19817.png,right,ATTRACTIVE,2019-08-20 01:18:12,center
user6,18344.png,right,ATTRACTIVE,2019-08-20 01:18:12,center
user6,confirm,,,2019-08-19 16:04:34,
user6,57411.png,right,ATTRACTIVE,2019-08-20 01:18:35,center
user6,57728.png,left,ATTRACTIVE,2019-08-20 01:18:36,center
user6,19833.png,right,ATTRACTIVE,2019-08-20 01:18:38,center
user6,12484.png,right,ATTRACTIVE,2019-08-20 01:18:39,center
user6,07221.png,right,ATTRACTIVE,2019-08-20 01:18:44,center
user6,11282.png,right,ATTRACTIVE,2019-08-20 01:18:44,center
user6,19972.png,left,ATTRACTIVE,2019-08-20 01:18:46,center
user6,57144.png,right,ATTRACTIVE,2019-08-20 01:18:50,center
user6,20743.png,right,ATTRACTIVE,2019-08-20 01:18:53,center
user6,57275.png,left,ATTRACTIVE,2019-08-20 01:18:54,center
user6,57163.png,left,ATTRACTIVE,2019-08-20 01:18:55,center
user6,58212.png,left,ATTRACTIVE,2019-08-20 01:19:03,center
user6,confirm,,,2019-08-19 16:05:26,
user6,19975.png,left,ATTRACTIVE,2019-08-20 01:19:14,center
user6,20590.png,right,ATTRACTIVE,2019-08-20 01:19:15,center
user6,19926.png,right,ATTRACTIVE,2019-08-20 01:19:18,center
user6,16455.png,right,ATTRACTIVE,2019-08-20 01:19:19,center
user6,20597.png,right,ATTRACTIVE,2019-08-20 01:19:20,center
user6,15215.png,left,ATTRACTIVE,2019-08-20 01:19:27,center
user6,07980.png,right,ATTRACTIVE,2019-08-20 01:19:30,center
user6,02286.png,right,ATTRACTIVE,2019-08-20 01:19:30,center
user6,20072.png,right,ATTRACTIVE,2019-08-20 01:19:33,center
user6,10249.png,left,ATTRACTIVE,2019-08-20 01:19:39,center
user6,confirm,,,2019-08-19 16:06:01,
user6,57213.png,left,ATTRACTIVE,2019-08-20 01:20:07,center
user6,12989.png,right,ATTRACTIVE,2019-08-20 01:20:09,center
user6,58392.png,right,ATTRACTIVE,2019-08-20 01:20:14,center
user6,58090.png,right,ATTRACTIVE,2019-08-20 01:20:16,center
user6,57356.png,left,ATTRACTIVE,2019-08-20 01:20:18,center
user6,57904.png,left,ATTRACTIVE,2019-08-20 01:20:20,center
user6,57714.png,right,ATTRACTIVE,2019-08-20 01:20:23,center
user6,19849.png,right,ATTRACTIVE,2019-08-20 01:20:33,center
user6,01483.png,right,ATTRACTIVE,2019-08-20 01:20:34,center
user6,57203.png,left,ATTRACTIVE,2019-08-20 01:20:38,center
user6,confirm,,,2019-08-19 16:06:59,
user6,57793.png,left,ATTRACTIVE,2019-08-20 01:20:48,center
user6,20764.png,right,ATTRACTIVE,2019-08-20 01:20:51,center
user6,19862.png,left,ATTRACTIVE,2019-08-20 01:20:55,center
user6,20586.png,right,ATTRACTIVE,2019-08-20 01:20:59,center
user6,20311.png,right,ATTRACTIVE,2019-08-20 01:20:59,center
user6,02435.png,left,ATTRACTIVE,2019-08-20 01:21:04,center
user6,57094.png,right,ATTRACTIVE,2019-08-20 01:21:09,center
user6,20282.png,left,ATTRACTIVE,2019-08-20 01:21:13,center
user6,12639.png,right,ATTRACTIVE,2019-08-20 01:21:15,center
user6,17686.png,right,ATTRACTIVE,2019-08-20 01:21:16,center
user6,20953.png,right,ATTRACTIVE,2019-08-20 01:21:19,center
user6,confirm,,,2019-08-19 16:07:39,
user7,Login,,,2019-08-21 14:17:20,
user7,20015.png,center,ATTRACTIVE,2019-08-21 23:18:06,center
user7,20015.png,left,ATTRACTIVE,2019-08-21 23:18:09,center
user7,57518.png,center,ATTRACTIVE,2019-08-21 23:18:12,center
user7,57518.png,center,ATTRACTIVE,2019-08-21 23:18:27,center
user7,57518.png,center,ATTRACTIVE,2019-08-21 23:18:29,center
user7,57518.png,center,ATTRACTIVE,2019-08-21 23:18:30,center
user7,57518.png,left,ATTRACTIVE,2019-08-21 23:18:31,center
user7,09330.png,right,ATTRACTIVE,2019-08-21 23:18:33,center
user7,20667.png,left,ATTRACTIVE,2019-08-21 23:18:35,center
user7,20282.png,left,ATTRACTIVE,2019-08-21 23:18:37,center
user7,05076.png,left,ATTRACTIVE,2019-08-21 23:18:41,center
user7,58441.png,left,ATTRACTIVE,2019-08-21 23:18:43,center
user7,57914.png,left,ATTRACTIVE,2019-08-21 23:18:45,center
user7,03694.png,left,ATTRACTIVE,2019-08-21 23:18:47,center
user7,17701.png,right,ATTRACTIVE,2019-08-21 23:18:48,center
user7,20822.png,left,ATTRACTIVE,2019-08-21 23:18:50,center
user7,20963.png,right,ATTRACTIVE,2019-08-21 23:18:53,center
user7,confirm,,,2019-08-21 14:18:53,
user7,00011.png,left,ATTRACTIVE,2019-08-21 23:19:08,center
user7,00609.png,right,ATTRACTIVE,2019-08-21 23:19:12,center
user7,00688.png,left,ATTRACTIVE,2019-08-21 23:19:15,center
user7,18307.png,left,ATTRACTIVE,2019-08-21 23:19:18,center
user7,15896.png,right,ATTRACTIVE,2019-08-21 23:19:20,center
user7,20756.png,left,ATTRACTIVE,2019-08-21 23:19:28,center
user7,57564.png,left,ATTRACTIVE,2019-08-21 23:19:30,center
user7,57397.png,right,ATTRACTIVE,2019-08-21 23:19:34,center
user7,57030.png,right,ATTRACTIVE,2019-08-21 23:19:42,center
user7,05472.png,center,ATTRACTIVE,2019-08-21 23:20:04,center
user7,05472.png,left,ATTRACTIVE,2019-08-21 23:20:08,center
user7,57651.png,center,ATTRACTIVE,2019-08-21 23:20:32,center
user7,00011.png,left,ATTRACTIVE,2019-08-21 23:21:03,center
user7,00688.png,left,ATTRACTIVE,2019-08-21 23:21:06,center
user7,00609.png,right,ATTRACTIVE,2019-08-21 23:21:08,center
user7,05472.png,left,ATTRACTIVE,2019-08-21 23:21:10,center
user7,15896.png,right,ATTRACTIVE,2019-08-21 23:21:11,center
user7,18307.png,left,ATTRACTIVE,2019-08-21 23:21:13,center
user7,57397.png,center,ATTRACTIVE,2019-08-21 23:21:20,center
user7,57564.png,left,ATTRACTIVE,2019-08-21 23:21:22,center
user7,57030.png,right,ATTRACTIVE,2019-08-21 23:21:26,center
user7,20756.png,left,ATTRACTIVE,2019-08-21 23:21:27,center
user7,confirm,,,2019-08-21 14:21:30,
user7,19151.png,left,ATTRACTIVE,2019-08-21 23:21:41,center
user7,19926.png,right,ATTRACTIVE,2019-08-21 23:21:43,center
user7,20120.png,center,ATTRACTIVE,2019-08-21 23:21:46,center
user7,20120.png,right,ATTRACTIVE,2019-08-21 23:21:48,center
user7,57579.png,right,ATTRACTIVE,2019-08-21 23:21:51,center
user7,13108.png,left,ATTRACTIVE,2019-08-21 23:21:59,center
user7,20656.png,left,ATTRACTIVE,2019-08-21 23:22:03,center
user7,20666.png,right,ATTRACTIVE,2019-08-21 23:22:05,center
user7,57579.png,left,ATTRACTIVE,2019-08-21 23:22:09,right
user7,20736.png,right,ATTRACTIVE,2019-08-21 23:22:12,center
user7,57536.png,left,ATTRACTIVE,2019-08-21 23:22:14,center
user7,57325.png,right,ATTRACTIVE,2019-08-21 23:22:15,center
user7,57649.png,center,ATTRACTIVE,2019-08-21 23:22:17,center
user7,57615.png,left,ATTRACTIVE,2019-08-21 23:22:18,center
user7,confirm,,,2019-08-21 14:22:19,
user7,01897.png,left,ATTRACTIVE,2019-08-21 23:22:29,center
user7,02782.png,right,ATTRACTIVE,2019-08-21 23:22:31,center
user7,15215.png,left,ATTRACTIVE,2019-08-21 23:22:37,center
user7,19890.png,right,ATTRACTIVE,2019-08-21 23:22:38,center
user7,19925.png,right,ATTRACTIVE,2019-08-21 23:22:40,center
user7,58083.png,left,ATTRACTIVE,2019-08-21 23:22:42,center
user7,57502.png,right,ATTRACTIVE,2019-08-21 23:22:44,center
user7,57250.png,right,ATTRACTIVE,2019-08-21 23:22:46,center
user7,57406.png,right,ATTRACTIVE,2019-08-21 23:22:50,center
user7,20703.png,left,ATTRACTIVE,2019-08-21 23:22:52,center
user7,57207.png,left,ATTRACTIVE,2019-08-21 23:22:57,center
user7,57207.png,center,ATTRACTIVE,2019-08-21 23:23:01,left
user7,confirm,,,2019-08-21 14:23:03,
user7,19848.png,center,ATTRACTIVE,2019-08-21 23:23:14,center
user7,19848.png,left,ATTRACTIVE,2019-08-21 23:23:15,center
user7,20742.png,left,ATTRACTIVE,2019-08-21 23:23:19,center
user7,20319.png,right,ATTRACTIVE,2019-08-21 23:23:21,center
user7,20597.png,right,ATTRACTIVE,2019-08-21 23:23:22,center
user7,57932.png,right,ATTRACTIVE,2019-08-21 23:23:24,center
user7,57636.png,right,ATTRACTIVE,2019-08-21 23:23:26,center
user7,58238.png,right,ATTRACTIVE,2019-08-21 23:23:27,center
user7,57904.png,left,ATTRACTIVE,2019-08-21 23:23:33,center
user7,20022.png,left,ATTRACTIVE,2019-08-21 23:23:38,center
user7,57986.png,left,ATTRACTIVE,2019-08-21 23:23:43,center
user7,confirm,,,2019-08-21 14:23:47,
user7,10505.png,right,ATTRACTIVE,2019-08-21 23:23:55,center
user7,11518.png,right,ATTRACTIVE,2019-08-21 23:23:58,center
user7,18341.png,right,ATTRACTIVE,2019-08-21 23:23:59,center
user7,20305.png,right,ATTRACTIVE,2019-08-21 23:24:05,center
user7,20432.png,right,ATTRACTIVE,2019-08-21 23:24:07,center
user7,57792.png,right,ATTRACTIVE,2019-08-21 23:24:10,center
user7,58515.png,center,ATTRACTIVE,2019-08-21 23:24:12,center
user7,58515.png,left,ATTRACTIVE,2019-08-21 23:24:15,center
user7,57587.png,right,ATTRACTIVE,2019-08-21 23:24:18,center
user7,58065.png,left,ATTRACTIVE,2019-08-21 23:24:21,center
user7,confirm,,,2019-08-21 14:24:31,
user7,05456.png,left,ATTRACTIVE,2019-08-21 23:24:40,center
user7,10035.png,right,ATTRACTIVE,2019-08-21 23:24:42,center
user7,13780.png,left,ATTRACTIVE,2019-08-21 23:24:43,center
user7,19799.png,left,ATTRACTIVE,2019-08-21 23:24:46,center
user7,20367.png,left,ATTRACTIVE,2019-08-21 23:24:48,center
user7,20643.png,right,ATTRACTIVE,2019-08-21 23:24:50,center
user7,57838.png,right,ATTRACTIVE,2019-08-21 23:24:53,center
user7,57494.png,right,ATTRACTIVE,2019-08-21 23:24:54,center
user7,20921.png,right,ATTRACTIVE,2019-08-21 23:24:56,center
user7,20899.png,right,ATTRACTIVE,2019-08-21 23:24:58,center
user7,57958.png,center,ATTRACTIVE,2019-08-21 23:24:59,center
user7,58359.png,left,ATTRACTIVE,2019-08-21 23:25:06,center
user7,confirm,,,2019-08-21 14:25:06,
user7,00445.png,right,ATTRACTIVE,2019-08-21 23:25:19,center
user7,09812.png,right,ATTRACTIVE,2019-08-21 23:25:21,center
user7,05957.png,right,ATTRACTIVE,2019-08-21 23:25:23,center
user7,20721.png,left,ATTRACTIVE,2019-08-21 23:25:30,center
user7,57519.png,left,ATTRACTIVE,2019-08-21 23:25:37,center
user7,57891.png,right,ATTRACTIVE,2019-08-21 23:25:38,center
user7,57909.png,right,ATTRACTIVE,2019-08-21 23:25:41,center
user7,20084.png,left,ATTRACTIVE,2019-08-21 23:25:46,center
user7,20864.png,left,ATTRACTIVE,2019-08-21 23:25:57,center
user7,58361.png,left,ATTRACTIVE,2019-08-21 23:26:04,center
user7,confirm,,,2019-08-21 14:26:06,
user7,20450.png,left,ATTRACTIVE,2019-08-21 23:26:15,center
user7,01058.png,right,ATTRACTIVE,2019-08-21 23:26:22,center
user7,20253.png,center,ATTRACTIVE,2019-08-21 23:26:27,center
user7,20965.png,left,ATTRACTIVE,2019-08-21 23:26:32,center
user7,57745.png,center,ATTRACTIVE,2019-08-21 23:26:34,center
user7,57745.png,left,ATTRACTIVE,2019-08-21 23:26:36,center
user7,04731.png,right,ATTRACTIVE,2019-08-21 23:26:57,center
user7,04799.png,right,ATTRACTIVE,2019-08-21 23:26:57,center
user7,57122.png,right,ATTRACTIVE,2019-08-21 23:26:57,center
user7,57357.png,right,ATTRACTIVE,2019-08-21 23:26:57,center
user7,confirm,,,2019-08-21 14:27:11,
user7,02609.png,left,ATTRACTIVE,2019-08-21 23:27:30,center
user7,20254.png,left,ATTRACTIVE,2019-08-21 23:27:32,center
user7,20685.png,left,ATTRACTIVE,2019-08-21 23:27:34,center
user7,58499.png,left,ATTRACTIVE,2019-08-21 23:27:38,center
user7,20350.png,left,ATTRACTIVE,2019-08-21 23:27:40,center
user7,06291.png,right,ATTRACTIVE,2019-08-21 23:27:46,center
user7,00680.png,right,ATTRACTIVE,2019-08-21 23:27:48,center
user7,06782.png,right,ATTRACTIVE,2019-08-21 23:27:50,center
user7,20871.png,right,ATTRACTIVE,2019-08-21 23:27:53,center
user7,20690.png,right,ATTRACTIVE,2019-08-21 23:27:55,center
user7,07438.png,left,ATTRACTIVE,2019-08-21 23:27:59,center
user7,13942.png,left,ATTRACTIVE,2019-08-21 23:28:01,center
user7,confirm,,,2019-08-21 14:28:03,
user7,05946.png,left,ATTRACTIVE,2019-08-21 23:28:14,center
user7,07762.png,left,ATTRACTIVE,2019-08-21 23:28:16,center
user7,58070.png,left,ATTRACTIVE,2019-08-21 23:28:21,center
user7,58459.png,left,ATTRACTIVE,2019-08-21 23:28:26,center
user7,57025.png,left,ATTRACTIVE,2019-08-21 23:28:28,center
user7,04870.png,right,ATTRACTIVE,2019-08-21 23:28:29,center
user7,58407.png,right,ATTRACTIVE,2019-08-21 23:28:35,center
user7,58537.png,right,ATTRACTIVE,2019-08-21 23:28:38,center
user7,57169.png,right,ATTRACTIVE,2019-08-21 23:28:40,center
user7,15726.png,center,ATTRACTIVE,2019-08-21 23:28:41,center
user7,15726.png,right,ATTRACTIVE,2019-08-21 23:28:43,center
user7,02216.png,right,ATTRACTIVE,2019-08-21 23:28:45,center
user7,confirm,,,2019-08-21 14:28:46,
user7,11235.png,left,ATTRACTIVE,2019-08-21 23:29:24,center
user7,57480.png,left,ATTRACTIVE,2019-08-21 23:29:24,center
user7,57883.png,left,ATTRACTIVE,2019-08-21 23:29:24,center
user7,58484.png,left,ATTRACTIVE,2019-08-21 23:29:24,center
user7,18279.png,right,ATTRACTIVE,2019-08-21 23:29:52,center
user7,20089.png,right,ATTRACTIVE,2019-08-21 23:29:52,center
user7,20246.png,right,ATTRACTIVE,2019-08-21 23:29:52,center
user7,57719.png,right,ATTRACTIVE,2019-08-21 23:29:52,center
user7,confirm,,,2019-08-21 14:29:52,
user7,02766.png,left,ATTRACTIVE,2019-08-21 23:29:59,center
user7,20230.png,left,ATTRACTIVE,2019-08-21 23:30:24,center
user7,57356.png,left,ATTRACTIVE,2019-08-21 23:30:24,center
user7,20515.png,left,ATTRACTIVE,2019-08-21 23:30:24,center
user7,20059.png,right,ATTRACTIVE,2019-08-21 23:30:42,center
user7,57834.png,right,ATTRACTIVE,2019-08-21 23:30:42,center
user7,07642.png,right,ATTRACTIVE,2019-08-21 23:30:42,center
user7,58005.png,right,ATTRACTIVE,2019-08-21 23:30:42,center
user7,confirm,,,2019-08-21 14:30:43,
user7,01167.png,left,ATTRACTIVE,2019-08-21 23:31:15,center
user7,02435.png,left,ATTRACTIVE,2019-08-21 23:31:15,center
user7,20104.png,left,ATTRACTIVE,2019-08-21 23:31:15,center
user7,20862.png,left,ATTRACTIVE,2019-08-21 23:31:15,center
user7,20876.png,left,ATTRACTIVE,2019-08-21 23:31:15,center
user7,20882.png,left,ATTRACTIVE,2019-08-21 23:31:15,center
user7,57879.png,left,ATTRACTIVE,2019-08-21 23:31:15,center
user7,06373.png,right,ATTRACTIVE,2019-08-21 23:31:28,center
user7,20190.png,right,ATTRACTIVE,2019-08-21 23:31:28,center
user7,20504.png,right,ATTRACTIVE,2019-08-21 23:31:28,center
user7,57820.png,right,ATTRACTIVE,2019-08-21 23:31:28,center
user7,58549.png,right,ATTRACTIVE,2019-08-21 23:31:28,center
user7,confirm,,,2019-08-21 14:31:29,
user7,20228.png,left,ATTRACTIVE,2019-08-21 23:32:07,center
user7,58094.png,left,ATTRACTIVE,2019-08-21 23:32:07,center
user7,04374.png,right,ATTRACTIVE,2019-08-21 23:32:25,center
user7,19906.png,right,ATTRACTIVE,2019-08-21 23:32:25,center
user7,20324.png,right,ATTRACTIVE,2019-08-21 23:32:25,center
user7,20437.png,right,ATTRACTIVE,2019-08-21 23:32:25,center
user7,57033.png,right,ATTRACTIVE,2019-08-21 23:32:25,center
user7,57068.png,right,ATTRACTIVE,2019-08-21 23:32:25,center
user7,57501.png,right,ATTRACTIVE,2019-08-21 23:32:25,center
user7,58450.png,right,ATTRACTIVE,2019-08-21 23:32:25,center
user7,confirm,,,2019-08-21 14:32:25,
user7,20848.png,left,ATTRACTIVE,2019-08-21 23:32:43,center
user7,20852.png,left,ATTRACTIVE,2019-08-21 23:32:43,center
user7,57098.png,left,ATTRACTIVE,2019-08-21 23:32:43,center
user7,57592.png,left,ATTRACTIVE,2019-08-21 23:32:43,center
user7,57133.png,left,ATTRACTIVE,2019-08-21 23:32:43,center
user7,57623.png,left,ATTRACTIVE,2019-08-21 23:32:43,center
user7,02947.png,right,ATTRACTIVE,2019-08-21 23:32:50,center
user7,20990.png,right,ATTRACTIVE,2019-08-21 23:32:50,center
user7,57503.png,right,ATTRACTIVE,2019-08-21 23:32:50,center
user7,05467.png,right,ATTRACTIVE,2019-08-21 23:32:50,center
user7,03853.png,right,ATTRACTIVE,2019-08-21 23:32:50,center
user7,confirm,,,2019-08-21 14:32:50,
user7,00360.png,left,ATTRACTIVE,2019-08-21 23:33:14,center
user7,20819.png,left,ATTRACTIVE,2019-08-21 23:33:14,center
user7,58535.png,left,ATTRACTIVE,2019-08-21 23:33:14,center
user7,58023.png,left,ATTRACTIVE,2019-08-21 23:33:14,center
user7,57147.png,left,ATTRACTIVE,2019-08-21 23:33:14,center
user7,58350.png,left,ATTRACTIVE,2019-08-21 23:33:14,center
user7,03747.png,right,ATTRACTIVE,2019-08-21 23:33:22,center
user7,05041.png,right,ATTRACTIVE,2019-08-21 23:33:22,center
user7,10945.png,right,ATTRACTIVE,2019-08-21 23:33:22,center
user7,57221.png,left,ATTRACTIVE,2019-08-21 23:33:24,center
user7,confirm,,,2019-08-21 14:33:39,
user7,20604.png,left,ATTRACTIVE,2019-08-21 23:33:58,center
user7,57283.png,left,ATTRACTIVE,2019-08-21 23:33:58,center
user7,57447.png,left,ATTRACTIVE,2019-08-21 23:33:58,center
user7,58440.png,left,ATTRACTIVE,2019-08-21 23:33:58,center
user7,06977.png,right,ATTRACTIVE,2019-08-21 23:34:10,center
user7,11299.png,right,ATTRACTIVE,2019-08-21 23:34:10,center
user7,12989.png,right,ATTRACTIVE,2019-08-21 23:34:10,center
user7,20854.png,right,ATTRACTIVE,2019-08-21 23:34:10,center
user7,57490.png,right,ATTRACTIVE,2019-08-21 23:34:10,center
user7,20691.png,right,ATTRACTIVE,2019-08-21 23:34:10,center
user7,confirm,,,2019-08-21 14:34:22,
user7,09800.png,left,ATTRACTIVE,2019-08-21 23:34:42,center
user7,14484.png,left,ATTRACTIVE,2019-08-21 23:34:42,center
user7,57665.png,left,ATTRACTIVE,2019-08-21 23:34:42,center
user7,58178.png,left,ATTRACTIVE,2019-08-21 23:34:42,center
user7,58250.png,left,ATTRACTIVE,2019-08-21 23:34:42,center
user7,08494.png,right,ATTRACTIVE,2019-08-21 23:34:51,center
user7,16218.png,right,ATTRACTIVE,2019-08-21 23:34:51,center
user7,20098.png,right,ATTRACTIVE,2019-08-21 23:34:51,center
user7,21000.png,right,ATTRACTIVE,2019-08-21 23:34:51,center
user7,20617.png,right,ATTRACTIVE,2019-08-21 23:34:51,center
user7,57072.png,right,ATTRACTIVE,2019-08-21 23:34:51,center
user7,57123.png,right,ATTRACTIVE,2019-08-21 23:34:51,center
user7,09800.png,left,ATTRACTIVE,2019-08-21 23:35:22,center
user7,14484.png,left,ATTRACTIVE,2019-08-21 23:35:22,center
user7,57665.png,left,ATTRACTIVE,2019-08-21 23:35:22,center
user7,58178.png,left,ATTRACTIVE,2019-08-21 23:35:22,center
user7,58250.png,left,ATTRACTIVE,2019-08-21 23:35:22,center
user7,08494.png,right,ATTRACTIVE,2019-08-21 23:35:34,center
user7,20098.png,right,ATTRACTIVE,2019-08-21 23:35:34,center
user7,16218.png,right,ATTRACTIVE,2019-08-21 23:35:34,center
user7,20617.png,right,ATTRACTIVE,2019-08-21 23:35:34,center
user7,21000.png,right,ATTRACTIVE,2019-08-21 23:35:34,center
user7,57072.png,right,ATTRACTIVE,2019-08-21 23:35:34,center
user7,57123.png,right,ATTRACTIVE,2019-08-21 23:35:34,center
user7,confirm,,,2019-08-21 14:35:34,
user7,19971.png,left,ATTRACTIVE,2019-08-21 23:35:51,center
user7,19972.png,left,ATTRACTIVE,2019-08-21 23:35:51,center
user7,20241.png,left,ATTRACTIVE,2019-08-21 23:35:51,center
user7,20420.png,left,ATTRACTIVE,2019-08-21 23:35:51,center
user7,57163.png,left,ATTRACTIVE,2019-08-21 23:35:51,center
user7,57381.png,left,ATTRACTIVE,2019-08-21 23:35:51,center
user7,00880.png,right,ATTRACTIVE,2019-08-21 23:36:13,center
user7,09885.png,right,ATTRACTIVE,2019-08-21 23:36:13,center
user7,11842.png,right,ATTRACTIVE,2019-08-21 23:36:13,center
user7,20808.png,right,ATTRACTIVE,2019-08-21 23:36:13,center
user7,57426.png,right,ATTRACTIVE,2019-08-21 23:36:13,center
user7,57598.png,right,ATTRACTIVE,2019-08-21 23:36:13,center
user7,57697.png,right,ATTRACTIVE,2019-08-21 23:36:13,center
user7,57789.png,right,ATTRACTIVE,2019-08-21 23:36:13,center
user7,confirm,,,2019-08-21 14:36:13,
user7,14832.png,left,ATTRACTIVE,2019-08-21 23:36:46,center
user7,16118.png,left,ATTRACTIVE,2019-08-21 23:36:46,center
user7,20363.png,left,ATTRACTIVE,2019-08-21 23:36:46,center
user7,57048.png,left,ATTRACTIVE,2019-08-21 23:36:46,center
user7,57762.png,left,ATTRACTIVE,2019-08-21 23:36:46,center
user7,58297.png,left,ATTRACTIVE,2019-08-21 23:36:46,center
user7,58357.png,left,ATTRACTIVE,2019-08-21 23:36:46,center
user7,00257.png,right,ATTRACTIVE,2019-08-21 23:36:56,center
user7,19978.png,right,ATTRACTIVE,2019-08-21 23:36:56,center
user7,57411.png,right,ATTRACTIVE,2019-08-21 23:36:56,center
user7,57347.png,right,ATTRACTIVE,2019-08-21 23:36:56,center
user7,57773.png,right,ATTRACTIVE,2019-08-21 23:36:56,center
user7,confirm,,,2019-08-21 14:36:58,
user7,00380.png,left,ATTRACTIVE,2019-08-21 23:37:18,center
user7,05502.png,left,ATTRACTIVE,2019-08-21 23:37:18,center
user7,07968.png,left,ATTRACTIVE,2019-08-21 23:37:18,center
user7,57658.png,left,ATTRACTIVE,2019-08-21 23:37:18,center
user7,20391.png,left,ATTRACTIVE,2019-08-21 23:37:18,center
user7,57669.png,left,ATTRACTIVE,2019-08-21 23:37:18,center
user7,07637.png,right,ATTRACTIVE,2019-08-21 23:37:28,center
user7,09942.png,right,ATTRACTIVE,2019-08-21 23:37:28,center
user7,15872.png,right,ATTRACTIVE,2019-08-21 23:37:28,center
user7,19933.png,right,ATTRACTIVE,2019-08-21 23:37:28,center
user7,20004.png,right,ATTRACTIVE,2019-08-21 23:37:28,center
user7,20071.png,right,ATTRACTIVE,2019-08-21 23:37:28,center
user7,confirm,,,2019-08-21 14:37:27,
user7,00218.png,left,ATTRACTIVE,2019-08-21 23:37:50,center
user7,06433.png,left,ATTRACTIVE,2019-08-21 23:37:50,center
user7,57043.png,left,ATTRACTIVE,2019-08-21 23:37:50,center
user7,57737.png,left,ATTRACTIVE,2019-08-21 23:37:50,center
user7,00751.png,right,ATTRACTIVE,2019-08-21 23:38:04,center
user7,03649.png,right,ATTRACTIVE,2019-08-21 23:38:04,center
user7,20358.png,right,ATTRACTIVE,2019-08-21 23:38:04,center
user7,20424.png,right,ATTRACTIVE,2019-08-21 23:38:04,center
user7,57227.png,right,ATTRACTIVE,2019-08-21 23:38:04,center
user7,57678.png,right,ATTRACTIVE,2019-08-21 23:38:04,center
user7,58091.png,right,ATTRACTIVE,2019-08-21 23:38:04,center
user7,confirm,,,2019-08-21 14:38:07,
