user_id,label,time,adjective,cluster,image_id
user3,1,11579,ATTRACTIVE,00609.png,07323.png
user3,1,11579,ATTRACTIVE,57135.png,11235.png
user3,1,11579,ATTRACTIVE,20450.png,06433.png
user3,1,11579,ATTRACTIVE,58100.png,20493.png
user3,1,11579,ATTRACTIVE,58419.png,20450.png
user3,-1,11579,ATTRACTIVE,11235.png,58154.png
user3,-1,11579,ATTRACTIVE,20437.png,58238.png
user3,-1,11579,ATTRACTIVE,57069.png,57807.png
user3,-1,11579,ATTRACTIVE,20819.png,05467.png
user3,-1,11579,ATTRACTIVE,09716.png,20170.png
user3,-1,11579,ATTRACTIVE,20155.png,16068.png
user3,-1,11579,ATTRACTIVE,58554.png,57036.png
user3,-1,11579,ATTRACTIVE,06433.png,58231.png
user3,-1,11579,ATTRACTIVE,20493.png,20827.png
user3,1,15366,ATTRACTIVE,57397.png,20254.png
user3,1,15366,ATTRACTIVE,57850.png,20768.png
user3,1,15366,ATTRACTIVE,13780.png,58273.png
user3,1,15366,ATTRACTIVE,58540.png,03950.png
user3,-1,15366,ATTRACTIVE,57162.png,05957.png
user3,-1,15366,ATTRACTIVE,57301.png,10244.png
user3,-1,15366,ATTRACTIVE,20791.png,18765.png
user3,-1,15366,ATTRACTIVE,00218.png,19794.png
user3,-1,15366,ATTRACTIVE,20792.png,20089.png
user3,-1,15366,ATTRACTIVE,57092.png,20792.png
user3,-1,15366,ATTRACTIVE,57850.png,57092.png
user3,-1,15366,ATTRACTIVE,58540.png,57850.png
user3,-1,15366,ATTRACTIVE,57812.png,57861.png
user3,-1,15366,ATTRACTIVE,20928.png,57907.png
user3,1,18871,ATTRACTIVE,02947.png,00197.png
user3,1,18871,ATTRACTIVE,20685.png,01089.png
user3,1,18871,ATTRACTIVE,01167.png,01167.png
user3,1,18871,ATTRACTIVE,02435.png,57519.png
user3,1,18871,ATTRACTIVE,13809.png,58180.png
user3,-1,18871,ATTRACTIVE,57707.png,07956.png
user3,-1,18871,ATTRACTIVE,20897.png,13809.png
user3,-1,18871,ATTRACTIVE,20729.png,16065.png
user3,-1,18871,ATTRACTIVE,13809.png,20121.png
user3,-1,18871,ATTRACTIVE,20821.png,20729.png
user3,-1,18871,ATTRACTIVE,57647.png,57581.png
user3,-1,18871,ATTRACTIVE,03583.png,57647.png
user3,-1,18871,ATTRACTIVE,57885.png,57754.png
user3,-1,18871,ATTRACTIVE,57154.png,58439.png
user3,1,25628,ATTRACTIVE,14783.png,02618.png
user3,1,25628,ATTRACTIVE,00240.png,13406.png
user3,1,25628,ATTRACTIVE,58171.png,57082.png
user3,-1,25628,ATTRACTIVE,58171.png,06187.png
user3,-1,25628,ATTRACTIVE,03038.png,16049.png
user3,-1,25628,ATTRACTIVE,20594.png,19857.png
user3,-1,25628,ATTRACTIVE,57812.png,57062.png
user3,-1,25628,ATTRACTIVE,57718.png,57528.png
user3,-1,25628,ATTRACTIVE,57135.png,57650.png
user3,-1,25628,ATTRACTIVE,57934.png,57934.png
user3,-1,25628,ATTRACTIVE,16678.png,57944.png
user3,-1,25628,ATTRACTIVE,58515.png,58323.png
user3,-1,25628,ATTRACTIVE,58333.png,58333.png
user3,-1,25628,ATTRACTIVE,58540.png,58540.png
user3,1,15403,ATTRACTIVE,19903.png,20022.png
user3,1,15403,ATTRACTIVE,20586.png,57066.png
user3,1,15403,ATTRACTIVE,58008.png,20084.png
user3,-1,15403,ATTRACTIVE,20819.png,00502.png
user3,-1,15403,ATTRACTIVE,58333.png,05041.png
user3,-1,15403,ATTRACTIVE,20819.png,08494.png
user3,-1,15403,ATTRACTIVE,20590.png,11325.png
user3,-1,15403,ATTRACTIVE,20077.png,20157.png
user3,-1,15403,ATTRACTIVE,58171.png,20299.png
user3,-1,15403,ATTRACTIVE,20009.png,20721.png
user3,-1,15403,ATTRACTIVE,57218.png,20732.png
user3,-1,15403,ATTRACTIVE,20894.png,57572.png
user3,-1,15403,ATTRACTIVE,19892.png,57649.png
user3,-1,15403,ATTRACTIVE,20463.png,58357.png
user3,1,11563,ATTRACTIVE,02947.png,07623.png
user3,1,11563,ATTRACTIVE,00779.png,16118.png
user3,1,11563,ATTRACTIVE,01688.png,19838.png
user3,1,11563,ATTRACTIVE,06523.png,19841.png
user3,1,11563,ATTRACTIVE,14783.png,58245.png
user3,-1,11563,ATTRACTIVE,11518.png,02947.png
user3,-1,11563,ATTRACTIVE,20590.png,14484.png
user3,-1,11563,ATTRACTIVE,57057.png,20590.png
user3,-1,11563,ATTRACTIVE,57503.png,20806.png
user3,-1,11563,ATTRACTIVE,16777.png,57094.png
user3,-1,11563,ATTRACTIVE,57501.png,57133.png
user3,-1,11563,ATTRACTIVE,05546.png,57501.png
user3,-1,11563,ATTRACTIVE,20792.png,57873.png
user3,-1,11563,ATTRACTIVE,58245.png,57931.png
user3,1,19176,ATTRACTIVE,16826.png,14832.png
user3,1,19176,ATTRACTIVE,16375.png,58402.png
user3,1,19176,ATTRACTIVE,20594.png,16375.png
user3,-1,19176,ATTRACTIVE,18472.png,18279.png
user3,-1,19176,ATTRACTIVE,20672.png,18472.png
user3,-1,19176,ATTRACTIVE,20144.png,18822.png
user3,-1,19176,ATTRACTIVE,57885.png,20257.png
user3,-1,19176,ATTRACTIVE,20990.png,20424.png
user3,-1,19176,ATTRACTIVE,20608.png,20556.png
user3,-1,19176,ATTRACTIVE,57207.png,20608.png
user3,-1,19176,ATTRACTIVE,20990.png,20701.png
user3,-1,19176,ATTRACTIVE,20077.png,20990.png
user3,-1,19176,ATTRACTIVE,57731.png,57052.png
user3,-1,19176,ATTRACTIVE,20705.png,57731.png
user3,1,13050,ATTRACTIVE,57364.png,02832.png
user3,1,13050,ATTRACTIVE,02832.png,16917.png
user3,-1,13050,ATTRACTIVE,01688.png,00380.png
user3,-1,13050,ATTRACTIVE,16917.png,15726.png
user3,-1,13050,ATTRACTIVE,17507.png,17507.png
user3,-1,13050,ATTRACTIVE,17988.png,17988.png
user3,-1,13050,ATTRACTIVE,16777.png,19833.png
user3,-1,13050,ATTRACTIVE,20756.png,20756.png
user3,-1,13050,ATTRACTIVE,57364.png,57042.png
user3,-1,13050,ATTRACTIVE,00779.png,57054.png
user3,-1,13050,ATTRACTIVE,14404.png,57307.png
user3,-1,13050,ATTRACTIVE,57932.png,57858.png
user3,-1,13050,ATTRACTIVE,20897.png,58345.png
user3,-1,13050,ATTRACTIVE,58515.png,58459.png
user3,1,14538,ATTRACTIVE,02986.png,20009.png
user3,1,14538,ATTRACTIVE,20009.png,20928.png
user3,1,14538,ATTRACTIVE,20791.png,57115.png
user3,1,14538,ATTRACTIVE,20928.png,57154.png
user3,1,14538,ATTRACTIVE,57115.png,57640.png
user3,1,14538,ATTRACTIVE,57154.png,58403.png
user3,-1,14538,ATTRACTIVE,58477.png,04588.png
user3,-1,14538,ATTRACTIVE,20582.png,20743.png
user3,-1,14538,ATTRACTIVE,57249.png,57165.png
user3,-1,14538,ATTRACTIVE,57355.png,57264.png
user3,-1,14538,ATTRACTIVE,16081.png,57546.png
user3,-1,14538,ATTRACTIVE,57325.png,57719.png
user3,-1,14538,ATTRACTIVE,02671.png,58226.png
user3,-1,14538,ATTRACTIVE,57207.png,58528.png
user3,1,18616,ATTRACTIVE,20305.png,20265.png
user3,1,18616,ATTRACTIVE,20009.png,06416.png
user3,1,18616,ATTRACTIVE,20032.png,20032.png
user3,1,18616,ATTRACTIVE,57503.png,57793.png
user3,0,18616,ATTRACTIVE,58340.png,01319.png
user3,0,18616,ATTRACTIVE,20124.png,20158.png
user3,0,18616,ATTRACTIVE,20032.png,57149.png
user3,0,18616,ATTRACTIVE,10505.png,57296.png
user3,0,18616,ATTRACTIVE,57426.png,57447.png
user3,0,18616,ATTRACTIVE,20785.png,57573.png
user3,0,18616,ATTRACTIVE,58515.png,57590.png
user3,0,18616,ATTRACTIVE,57190.png,57600.png
user3,0,18616,ATTRACTIVE,20450.png,57653.png
user3,0,18616,ATTRACTIVE,58554.png,58250.png
user3,1,16283,ATTRACTIVE,58171.png,19972.png
user3,1,16283,ATTRACTIVE,20590.png,20162.png
user3,1,16283,ATTRACTIVE,11235.png,20785.png
user3,1,16283,ATTRACTIVE,57200.png,57026.png
user3,1,16283,ATTRACTIVE,20672.png,58094.png
user3,-1,16283,ATTRACTIVE,20785.png,20352.png
user3,-1,16283,ATTRACTIVE,57707.png,20617.png
user3,-1,16283,ATTRACTIVE,20525.png,20643.png
user3,-1,16283,ATTRACTIVE,20656.png,20969.png
user3,-1,16283,ATTRACTIVE,57200.png,57464.png
user3,-1,16283,ATTRACTIVE,57490.png,57473.png
user3,-1,16283,ATTRACTIVE,00880.png,57490.png
user3,-1,16283,ATTRACTIVE,20144.png,58090.png
user3,-1,16283,ATTRACTIVE,20672.png,58302.png
user3,1,12391,ATTRACTIVE,02254.png,20144.png
user3,1,12391,ATTRACTIVE,06523.png,20760.png
user3,1,12391,ATTRACTIVE,09812.png,57745.png
user3,1,12391,ATTRACTIVE,18472.png,57904.png
user3,-1,12391,ATTRACTIVE,20124.png,02254.png
user3,-1,12391,ATTRACTIVE,20144.png,06523.png
user3,-1,12391,ATTRACTIVE,20928.png,09812.png
user3,-1,12391,ATTRACTIVE,03583.png,12019.png
user3,-1,12391,ATTRACTIVE,06523.png,20124.png
user3,-1,12391,ATTRACTIVE,20972.png,20246.png
user3,-1,12391,ATTRACTIVE,20590.png,20426.png
user3,-1,12391,ATTRACTIVE,00880.png,20972.png
user3,-1,12391,ATTRACTIVE,57745.png,57033.png
user3,-1,12391,ATTRACTIVE,19905.png,57723.png
user3,1,13381,ATTRACTIVE,57399.png,05494.png
user3,1,13381,ATTRACTIVE,20305.png,57221.png
user3,1,13381,ATTRACTIVE,16826.png,57610.png
user3,1,13381,ATTRACTIVE,20928.png,11627.png
user3,1,13381,ATTRACTIVE,19939.png,20046.png
user3,-1,13381,ATTRACTIVE,20032.png,00045.png
user3,-1,13381,ATTRACTIVE,20821.png,00428.png
user3,-1,13381,ATTRACTIVE,20591.png,16266.png
user3,-1,13381,ATTRACTIVE,57122.png,18760.png
user3,-1,13381,ATTRACTIVE,20525.png,20101.png
user3,-1,13381,ATTRACTIVE,20821.png,20173.png
user3,-1,13381,ATTRACTIVE,13942.png,20802.png
user3,-1,13381,ATTRACTIVE,57221.png,20821.png
user3,-1,13381,ATTRACTIVE,57610.png,57004.png
user3,1,14730,ATTRACTIVE,57325.png,57146.png
user3,1,14730,ATTRACTIVE,13780.png,57358.png
user3,-1,14730,ATTRACTIVE,20821.png,02845.png
user3,-1,14730,ATTRACTIVE,20450.png,13780.png
user3,-1,14730,ATTRACTIVE,16081.png,14442.png
user3,-1,14730,ATTRACTIVE,19903.png,15872.png
user3,-1,14730,ATTRACTIVE,20810.png,16081.png
user3,-1,14730,ATTRACTIVE,57812.png,19903.png
user3,-1,14730,ATTRACTIVE,20594.png,20004.png
user3,-1,14730,ATTRACTIVE,00609.png,20242.png
user3,-1,14730,ATTRACTIVE,57190.png,20594.png
user3,-1,14730,ATTRACTIVE,58433.png,57144.png
user3,-1,14730,ATTRACTIVE,57115.png,57599.png
user3,-1,14730,ATTRACTIVE,14783.png,57623.png
user3,1,18657,ATTRACTIVE,16678.png,00340.png
user3,1,18657,ATTRACTIVE,57147.png,00688.png
user3,1,18657,ATTRACTIVE,11518.png,19896.png
user3,1,18657,ATTRACTIVE,20667.png,57762.png
user3,1,18657,ATTRACTIVE,01167.png,58489.png
user3,1,18657,ATTRACTIVE,14783.png,15215.png
user3,1,18657,ATTRACTIVE,14620.png,20777.png
user3,-1,18657,ATTRACTIVE,20894.png,11518.png
user3,-1,18657,ATTRACTIVE,01688.png,19890.png
user3,-1,18657,ATTRACTIVE,57135.png,20239.png
user3,-1,18657,ATTRACTIVE,14404.png,20440.png
user3,-1,18657,ATTRACTIVE,20656.png,20780.png
user3,-1,18657,ATTRACTIVE,00445.png,57227.png
user3,-1,18657,ATTRACTIVE,58374.png,57630.png
user3,1,10400,ATTRACTIVE,00218.png,06314.png
user3,1,10400,ATTRACTIVE,58374.png,19975.png
user3,1,10400,ATTRACTIVE,20821.png,57015.png
user3,1,10400,ATTRACTIVE,20667.png,57592.png
user3,1,10400,ATTRACTIVE,20953.png,58123.png
user3,1,10400,ATTRACTIVE,16259.png,58546.png
user3,-1,10400,ATTRACTIVE,57167.png,00218.png
user3,-1,10400,ATTRACTIVE,57485.png,19029.png
user3,-1,10400,ATTRACTIVE,58266.png,20953.png
user3,-1,10400,ATTRACTIVE,57503.png,57315.png
user3,-1,10400,ATTRACTIVE,20928.png,57485.png
user3,-1,10400,ATTRACTIVE,16259.png,57897.png
user3,-1,10400,ATTRACTIVE,58123.png,57958.png
user3,-1,10400,ATTRACTIVE,57122.png,58004.png
user3,1,17120,ATTRACTIVE,20600.png,16656.png
user3,1,17120,ATTRACTIVE,57301.png,20789.png
user3,1,17120,ATTRACTIVE,58549.png,57412.png
user3,1,17120,ATTRACTIVE,57030.png,58150.png
user3,1,17120,ATTRACTIVE,11518.png,58522.png
user3,0,17120,ATTRACTIVE,57070.png,20350.png
user3,0,17120,ATTRACTIVE,10964.png,58124.png
user3,-1,17120,ATTRACTIVE,20953.png,09614.png
user3,-1,17120,ATTRACTIVE,20791.png,10035.png
user3,-1,17120,ATTRACTIVE,20894.png,19824.png
user3,-1,17120,ATTRACTIVE,00218.png,57132.png
user3,-1,17120,ATTRACTIVE,57197.png,57248.png
user3,-1,17120,ATTRACTIVE,58150.png,57331.png
user3,-1,17120,ATTRACTIVE,57812.png,57788.png
user3,1,14636,ATTRACTIVE,58219.png,00761.png
user3,1,14636,ATTRACTIVE,03583.png,03583.png
user3,1,14636,ATTRACTIVE,11518.png,58392.png
user3,-1,14636,ATTRACTIVE,57707.png,07609.png
user3,-1,14636,ATTRACTIVE,20493.png,19849.png
user3,-1,14636,ATTRACTIVE,20672.png,20482.png
user3,-1,14636,ATTRACTIVE,14783.png,20672.png
user3,-1,14636,ATTRACTIVE,09716.png,20736.png
user3,-1,14636,ATTRACTIVE,20582.png,20784.png
user3,-1,14636,ATTRACTIVE,01688.png,20893.png
user3,-1,14636,ATTRACTIVE,57494.png,57006.png
user3,-1,14636,ATTRACTIVE,20705.png,57048.png
user3,-1,14636,ATTRACTIVE,11235.png,57380.png
user3,-1,14636,ATTRACTIVE,57610.png,57697.png
user3,1,10607,ATTRACTIVE,58245.png,20795.png
user3,1,10607,ATTRACTIVE,57811.png,57207.png
user3,1,10607,ATTRACTIVE,57381.png,57579.png
user3,1,10607,ATTRACTIVE,57934.png,58362.png
user3,-1,10607,ATTRACTIVE,02986.png,00360.png
user3,-1,10607,ATTRACTIVE,00218.png,12551.png
user3,-1,10607,ATTRACTIVE,57078.png,15131.png
user3,-1,10607,ATTRACTIVE,20648.png,19935.png
user3,-1,10607,ATTRACTIVE,57207.png,20625.png
user3,-1,10607,ATTRACTIVE,57885.png,57078.png
user3,-1,10607,ATTRACTIVE,58266.png,57163.png
user3,-1,10607,ATTRACTIVE,58008.png,57294.png
user3,-1,10607,ATTRACTIVE,57167.png,57665.png
user3,-1,10607,ATTRACTIVE,58266.png,57894.png
user3,1,13347,ATTRACTIVE,57057.png,06682.png
user3,1,13347,ATTRACTIVE,19930.png,20959.png
user3,1,13347,ATTRACTIVE,13064.png,57129.png
user3,1,13347,ATTRACTIVE,13809.png,58320.png
user3,-1,13347,ATTRACTIVE,57885.png,08168.png
user3,-1,13347,ATTRACTIVE,13064.png,13668.png
user3,-1,13347,ATTRACTIVE,58163.png,20404.png
user3,-1,13347,ATTRACTIVE,57355.png,20585.png
user3,-1,13347,ATTRACTIVE,57564.png,20967.png
user3,-1,13347,ATTRACTIVE,58361.png,57001.png
user3,-1,13347,ATTRACTIVE,57301.png,57185.png
user3,-1,13347,ATTRACTIVE,57850.png,57301.png
user3,-1,13347,ATTRACTIVE,57992.png,57838.png
user3,-1,13347,ATTRACTIVE,20897.png,57992.png
user3,1,20925,ATTRACTIVE,58477.png,07798.png
user3,1,20925,ATTRACTIVE,20032.png,18691.png
user3,1,20925,ATTRACTIVE,20897.png,57672.png
user3,1,20925,ATTRACTIVE,11061.png,58242.png
user3,1,20925,ATTRACTIVE,16081.png,02609.png
user3,1,20925,ATTRACTIVE,58266.png,13462.png
user3,-1,20925,ATTRACTIVE,57078.png,08725.png
user3,-1,20925,ATTRACTIVE,00218.png,11061.png
user3,-1,20925,ATTRACTIVE,13780.png,17489.png
user3,-1,20925,ATTRACTIVE,57218.png,17713.png
user3,-1,20925,ATTRACTIVE,20192.png,20319.png
user3,-1,20925,ATTRACTIVE,13780.png,20540.png
user3,-1,20925,ATTRACTIVE,57932.png,57003.png
user3,-1,20925,ATTRACTIVE,57745.png,57932.png
user3,1,16955,ATTRACTIVE,20305.png,16120.png
user3,1,16955,ATTRACTIVE,20192.png,20615.png
user3,1,16955,ATTRACTIVE,57426.png,57804.png
user3,1,16955,ATTRACTIVE,57811.png,20815.png
user3,-1,16955,ATTRACTIVE,58549.png,19812.png
user3,-1,16955,ATTRACTIVE,20685.png,19847.png
user3,-1,16955,ATTRACTIVE,02671.png,19860.png
user3,-1,16955,ATTRACTIVE,20032.png,20324.png
user3,-1,16955,ATTRACTIVE,57147.png,20581.png
user3,-1,16955,ATTRACTIVE,00219.png,20957.png
user3,-1,16955,ATTRACTIVE,17507.png,57035.png
user3,-1,16955,ATTRACTIVE,57804.png,57789.png
user3,-1,16955,ATTRACTIVE,57069.png,57834.png
user3,-1,16955,ATTRACTIVE,20582.png,58530.png
user3,1,7695,ATTRACTIVE,02986.png,20285.png
user3,1,7695,ATTRACTIVE,20819.png,57453.png
user3,1,7695,ATTRACTIVE,57364.png,57521.png
user3,1,7695,ATTRACTIVE,13542.png,58187.png
user3,1,7695,ATTRACTIVE,00219.png,10945.png
user3,-1,7695,ATTRACTIVE,16375.png,06764.png
user3,-1,7695,ATTRACTIVE,02671.png,10858.png
user3,-1,7695,ATTRACTIVE,57490.png,13889.png
user3,-1,7695,ATTRACTIVE,58008.png,18022.png
user3,-1,7695,ATTRACTIVE,20729.png,20666.png
user3,-1,7695,ATTRACTIVE,20685.png,20733.png
user3,-1,7695,ATTRACTIVE,01167.png,57098.png
user3,-1,7695,ATTRACTIVE,57885.png,57178.png
user3,-1,7695,ATTRACTIVE,58150.png,57636.png
user3,1,13218,ATTRACTIVE,09716.png,05946.png
user3,1,13218,ATTRACTIVE,20177.png,10471.png
user3,1,13218,ATTRACTIVE,57341.png,13567.png
user3,-1,13218,ATTRACTIVE,00609.png,05544.png
user3,-1,13218,ATTRACTIVE,19903.png,07631.png
user3,-1,13218,ATTRACTIVE,20009.png,10906.png
user3,-1,13218,ATTRACTIVE,16826.png,16826.png
user3,-1,13218,ATTRACTIVE,58008.png,20067.png
user3,-1,13218,ATTRACTIVE,58123.png,20253.png
user3,-1,13218,ATTRACTIVE,20691.png,20691.png
user3,-1,13218,ATTRACTIVE,01167.png,57109.png
user3,-1,13218,ATTRACTIVE,13942.png,57639.png
user3,-1,13218,ATTRACTIVE,20192.png,57766.png
user3,-1,13218,ATTRACTIVE,57325.png,57792.png
user3,1,9090,ATTRACTIVE,00445.png,20720.png
user3,1,9090,ATTRACTIVE,05456.png,57065.png
user3,1,9090,ATTRACTIVE,58297.png,57190.png
user3,1,9090,ATTRACTIVE,57426.png,57541.png
user3,1,9090,ATTRACTIVE,19905.png,58035.png
user3,-1,9090,ATTRACTIVE,58100.png,00445.png
user3,-1,9090,ATTRACTIVE,57811.png,05456.png
user3,-1,9090,ATTRACTIVE,20525.png,06291.png
user3,-1,9090,ATTRACTIVE,03038.png,09330.png
user3,-1,9090,ATTRACTIVE,19939.png,12639.png
user3,-1,9090,ATTRACTIVE,57190.png,16522.png
user3,-1,9090,ATTRACTIVE,16259.png,20412.png
user3,-1,9090,ATTRACTIVE,58549.png,20525.png
user3,-1,9090,ATTRACTIVE,20894.png,58468.png
user3,1,25621,ATTRACTIVE,00880.png,13296.png
user3,1,25621,ATTRACTIVE,58374.png,20848.png
user3,1,25621,ATTRACTIVE,13780.png,57507.png
user3,1,25621,ATTRACTIVE,20705.png,57666.png
user3,1,25621,ATTRACTIVE,19867.png,15967.png
user3,-1,25621,ATTRACTIVE,01167.png,08088.png
user3,-1,25621,ATTRACTIVE,57773.png,19973.png
user3,-1,25621,ATTRACTIVE,57426.png,20321.png
user3,-1,25621,ATTRACTIVE,16375.png,20962.png
user3,-1,25621,ATTRACTIVE,57745.png,57123.png
user3,-1,25621,ATTRACTIVE,03583.png,57291.png
user3,-1,25621,ATTRACTIVE,57666.png,57559.png
user3,-1,25621,ATTRACTIVE,03583.png,58071.png
user3,-1,25621,ATTRACTIVE,01058.png,58538.png
user3,1,11975,ATTRACTIVE,01058.png,20622.png
user3,1,11975,ATTRACTIVE,57707.png,57337.png
user3,1,11975,ATTRACTIVE,19903.png,57349.png
user3,1,11975,ATTRACTIVE,00445.png,13622.png
user3,-1,11975,ATTRACTIVE,06523.png,01058.png
user3,-1,11975,ATTRACTIVE,57325.png,02891.png
user3,-1,11975,ATTRACTIVE,14404.png,08367.png
user3,-1,11975,ATTRACTIVE,57647.png,11593.png
user3,-1,11975,ATTRACTIVE,01167.png,13543.png
user3,-1,11975,ATTRACTIVE,57364.png,14404.png
user3,-1,11975,ATTRACTIVE,57885.png,20043.png
user3,-1,11975,ATTRACTIVE,20177.png,20862.png
user3,-1,11975,ATTRACTIVE,01058.png,57803.png
user3,-1,11975,ATTRACTIVE,57092.png,57933.png
user3,1,12913,ATTRACTIVE,57207.png,13108.png
user3,1,12913,ATTRACTIVE,20009.png,20685.png
user3,1,12913,ATTRACTIVE,58433.png,57728.png
user3,1,12913,ATTRACTIVE,20667.png,20282.png
user3,1,12913,ATTRACTIVE,58266.png,09285.png
user3,-1,12913,ATTRACTIVE,57485.png,00257.png
user3,-1,12913,ATTRACTIVE,20685.png,09644.png
user3,-1,12913,ATTRACTIVE,20032.png,19917.png
user3,-1,12913,ATTRACTIVE,20792.png,20846.png
user3,-1,12913,ATTRACTIVE,20590.png,57678.png
user3,-1,12913,ATTRACTIVE,58171.png,57835.png
user3,-1,12913,ATTRACTIVE,20785.png,57879.png
user3,-1,12913,ATTRACTIVE,20696.png,58450.png
user3,-1,12913,ATTRACTIVE,14404.png,57498.png
user3,1,16401,ATTRACTIVE,20821.png,57213.png
user3,1,16401,ATTRACTIVE,20032.png,57864.png
user3,1,16401,ATTRACTIVE,20928.png,58495.png
user3,1,16401,ATTRACTIVE,57750.png,20008.png
user3,1,16401,ATTRACTIVE,57895.png,20523.png
user3,-1,16401,ATTRACTIVE,19930.png,03033.png
user3,-1,16401,ATTRACTIVE,20032.png,19802.png
user3,-1,16401,ATTRACTIVE,09716.png,20120.png
user3,-1,16401,ATTRACTIVE,57122.png,20389.png
user3,-1,16401,ATTRACTIVE,58123.png,20469.png
user3,-1,16401,ATTRACTIVE,19905.png,57040.png
user3,-1,16401,ATTRACTIVE,57934.png,57721.png
user3,-1,16401,ATTRACTIVE,57147.png,57927.png
user3,-1,16401,ATTRACTIVE,14620.png,58075.png
user3,1,16680,ATTRACTIVE,57167.png,01532.png
user3,1,16680,ATTRACTIVE,57895.png,20719.png
user3,1,16680,ATTRACTIVE,06513.png,57381.png
user3,1,16680,ATTRACTIVE,20591.png,57662.png
user3,1,16680,ATTRACTIVE,57494.png,58524.png
user3,-1,16680,ATTRACTIVE,20684.png,05276.png
user3,-1,16680,ATTRACTIVE,57381.png,06513.png
user3,-1,16680,ATTRACTIVE,57057.png,18185.png
user3,-1,16680,ATTRACTIVE,20582.png,20071.png
user3,-1,16680,ATTRACTIVE,57200.png,20684.png
user3,-1,16680,ATTRACTIVE,57381.png,57018.png
user3,-1,16680,ATTRACTIVE,20590.png,57110.png
user3,-1,16680,ATTRACTIVE,57662.png,57200.png
user3,-1,16680,ATTRACTIVE,58100.png,57598.png
user3,1,12758,ATTRACTIVE,00878.png,05076.png
user3,1,12758,ATTRACTIVE,57030.png,19151.png
user3,1,12758,ATTRACTIVE,57397.png,19930.png
user3,1,12758,ATTRACTIVE,17507.png,20341.png
user3,1,12758,ATTRACTIVE,20586.png,57211.png
user3,1,12758,ATTRACTIVE,58150.png,58315.png
user3,1,12758,ATTRACTIVE,57057.png,19165.png
user3,-1,12758,ATTRACTIVE,57114.png,00878.png
user3,-1,12758,ATTRACTIVE,19930.png,01185.png
user3,-1,12758,ATTRACTIVE,02986.png,05348.png
user3,-1,12758,ATTRACTIVE,57895.png,09351.png
user3,-1,12758,ATTRACTIVE,57610.png,19909.png
user3,-1,12758,ATTRACTIVE,58549.png,20063.png
user3,-1,12758,ATTRACTIVE,11518.png,20852.png
user3,1,13062,ATTRACTIVE,57895.png,57093.png
user3,1,13062,ATTRACTIVE,57934.png,57122.png
user3,1,13062,ATTRACTIVE,13064.png,58219.png
user3,1,13062,ATTRACTIVE,16218.png,11264.png
user3,1,13062,ATTRACTIVE,57114.png,13064.png
user3,-1,13062,ATTRACTIVE,58374.png,10465.png
user3,-1,13062,ATTRACTIVE,58477.png,19804.png
user3,-1,13062,ATTRACTIVE,20124.png,20059.png
user3,-1,13062,ATTRACTIVE,57122.png,20937.png
user3,-1,13062,ATTRACTIVE,57885.png,20980.png
user3,-1,13062,ATTRACTIVE,57325.png,57256.png
user3,-1,13062,ATTRACTIVE,58150.png,57325.png
user3,-1,13062,ATTRACTIVE,57986.png,57411.png
user3,-1,13062,ATTRACTIVE,58219.png,57986.png
user3,1,17512,ATTRACTIVE,57885.png,19892.png
user3,1,17512,ATTRACTIVE,19892.png,20241.png
user3,-1,17512,ATTRACTIVE,58297.png,00361.png
user3,-1,17512,ATTRACTIVE,20241.png,20126.png
user3,-1,17512,ATTRACTIVE,20684.png,20702.png
user3,-1,17512,ATTRACTIVE,17507.png,20854.png
user3,-1,17512,ATTRACTIVE,58419.png,57019.png
user3,-1,17512,ATTRACTIVE,20124.png,57079.png
user3,-1,17512,ATTRACTIVE,06523.png,57347.png
user3,-1,17512,ATTRACTIVE,20756.png,57984.png
user3,-1,17512,ATTRACTIVE,58266.png,58266.png
user3,-1,17512,ATTRACTIVE,20124.png,58313.png
user3,-1,17512,ATTRACTIVE,58340.png,58499.png
user3,-1,17512,ATTRACTIVE,58554.png,58554.png
user3,1,12294,ATTRACTIVE,00219.png,00779.png
user3,1,12294,ATTRACTIVE,00779.png,57218.png
user3,1,12294,ATTRACTIVE,10964.png,58453.png
user3,-1,12294,ATTRACTIVE,06433.png,00219.png
user3,-1,12294,ATTRACTIVE,57485.png,10964.png
user3,-1,12294,ATTRACTIVE,20586.png,19974.png
user3,-1,12294,ATTRACTIVE,20144.png,20277.png
user3,-1,12294,ATTRACTIVE,06752.png,20861.png
user3,-1,12294,ATTRACTIVE,57122.png,20871.png
user3,-1,12294,ATTRACTIVE,57154.png,57028.png
user3,-1,12294,ATTRACTIVE,57218.png,57072.png
user3,-1,12294,ATTRACTIVE,01058.png,57074.png
user3,-1,12294,ATTRACTIVE,13780.png,57641.png
user3,-1,12294,ATTRACTIVE,57355.png,58405.png
user3,1,13052,ATTRACTIVE,00880.png,19971.png
user3,1,13052,ATTRACTIVE,57773.png,20592.png
user3,1,13052,ATTRACTIVE,57207.png,20965.png
user3,-1,13052,ATTRACTIVE,11518.png,00880.png
user3,-1,13052,ATTRACTIVE,06752.png,11080.png
user3,-1,13052,ATTRACTIVE,57707.png,14633.png
user3,-1,13052,ATTRACTIVE,20493.png,17816.png
user3,-1,13052,ATTRACTIVE,13064.png,20367.png
user3,-1,13052,ATTRACTIVE,57426.png,57426.png
user3,-1,13052,ATTRACTIVE,57218.png,57760.png
user3,-1,13052,ATTRACTIVE,06752.png,57909.png
user3,-1,13052,ATTRACTIVE,58008.png,58008.png
user3,-1,13052,ATTRACTIVE,57135.png,58174.png
user3,-1,13052,ATTRACTIVE,58361.png,58361.png
user3,1,12832,ATTRACTIVE,20305.png,57967.png
user3,-1,12832,ATTRACTIVE,19903.png,01483.png
user3,-1,12832,ATTRACTIVE,57290.png,17412.png
user3,-1,12832,ATTRACTIVE,58361.png,19912.png
user3,-1,12832,ATTRACTIVE,20504.png,20255.png
user3,-1,12832,ATTRACTIVE,20586.png,20504.png
user3,-1,12832,ATTRACTIVE,16777.png,20586.png
user3,-1,12832,ATTRACTIVE,20594.png,20773.png
user3,-1,12832,ATTRACTIVE,58554.png,57038.png
user3,-1,12832,ATTRACTIVE,19892.png,57169.png
user3,-1,12832,ATTRACTIVE,57666.png,57919.png
user3,-1,12832,ATTRACTIVE,20463.png,58165.png
user3,-1,12832,ATTRACTIVE,20791.png,58463.png
user3,-1,12832,ATTRACTIVE,58477.png,58477.png
user3,1,11931,ATTRACTIVE,57162.png,20889.png
user3,1,11931,ATTRACTIVE,19939.png,57998.png
user3,1,11931,ATTRACTIVE,20819.png,58511.png
user3,-1,11931,ATTRACTIVE,57162.png,00871.png
user3,-1,11931,ATTRACTIVE,57162.png,01966.png
user3,-1,11931,ATTRACTIVE,09812.png,01978.png
user3,-1,11931,ATTRACTIVE,13299.png,17506.png
user3,-1,11931,ATTRACTIVE,20894.png,19811.png
user3,-1,11931,ATTRACTIVE,01688.png,19899.png
user3,-1,11931,ATTRACTIVE,57448.png,20894.png
user3,-1,11931,ATTRACTIVE,01058.png,57058.png
user3,-1,11931,ATTRACTIVE,57122.png,57448.png
user3,-1,11931,ATTRACTIVE,20155.png,57452.png
user3,-1,11931,ATTRACTIVE,58374.png,58005.png
user3,1,11070,ATTRACTIVE,57885.png,05206.png
user3,1,11070,ATTRACTIVE,20450.png,15598.png
user3,1,11070,ATTRACTIVE,09716.png,57625.png
user3,1,11070,ATTRACTIVE,16777.png,57480.png
user3,-1,11070,ATTRACTIVE,58374.png,02518.png
user3,-1,11070,ATTRACTIVE,11061.png,09716.png
user3,-1,11070,ATTRACTIVE,57341.png,11568.png
user3,-1,11070,ATTRACTIVE,58540.png,19948.png
user3,-1,11070,ATTRACTIVE,57069.png,20538.png
user3,-1,11070,ATTRACTIVE,57070.png,20838.png
user3,-1,11070,ATTRACTIVE,58171.png,57069.png
user3,-1,11070,ATTRACTIVE,20696.png,57070.png
user3,-1,11070,ATTRACTIVE,58227.png,58227.png
user3,-1,11070,ATTRACTIVE,20691.png,58543.png
user3,1,12152,ATTRACTIVE,57426.png,00011.png
user3,1,12152,ATTRACTIVE,05546.png,57800.png
user3,1,12152,ATTRACTIVE,20705.png,58163.png
user3,1,12152,ATTRACTIVE,20819.png,58256.png
user3,1,12152,ATTRACTIVE,57069.png,19913.png
user3,-1,12152,ATTRACTIVE,20192.png,05546.png
user3,-1,12152,ATTRACTIVE,58340.png,07438.png
user3,-1,12152,ATTRACTIVE,58245.png,10249.png
user3,-1,12152,ATTRACTIVE,00445.png,20192.png
user3,-1,12152,ATTRACTIVE,58163.png,20311.png
user3,-1,12152,ATTRACTIVE,01058.png,57365.png
user3,-1,12152,ATTRACTIVE,58515.png,58208.png
user3,-1,12152,ATTRACTIVE,58266.png,58365.png
user3,-1,12152,ATTRACTIVE,14404.png,58398.png
user3,1,13374,ATTRACTIVE,00609.png,17364.png
user3,1,13374,ATTRACTIVE,11518.png,19796.png
user3,1,13374,ATTRACTIVE,13542.png,57359.png
user3,1,13374,ATTRACTIVE,14620.png,57615.png
user3,1,13374,ATTRACTIVE,20897.png,57738.png
user3,-1,13374,ATTRACTIVE,14404.png,02286.png
user3,-1,13374,ATTRACTIVE,16259.png,07642.png
user3,-1,13374,ATTRACTIVE,19903.png,13542.png
user3,-1,13374,ATTRACTIVE,20594.png,19800.png
user3,-1,13374,ATTRACTIVE,19892.png,19818.png
user3,-1,13374,ATTRACTIVE,57355.png,19858.png
user3,-1,13374,ATTRACTIVE,20187.png,20690.png
user3,-1,13374,ATTRACTIVE,57355.png,57295.png
user3,-1,13374,ATTRACTIVE,20696.png,57355.png
user3,1,13899,ATTRACTIVE,57135.png,01688.png
user3,1,13899,ATTRACTIVE,01688.png,19962.png
user3,1,13899,ATTRACTIVE,16777.png,20020.png
user3,1,13899,ATTRACTIVE,19892.png,58212.png
user3,-1,13899,ATTRACTIVE,57190.png,00770.png
user3,-1,13899,ATTRACTIVE,14783.png,04002.png
user3,-1,13899,ATTRACTIVE,58477.png,06432.png
user3,-1,13899,ATTRACTIVE,57154.png,13701.png
user3,-1,13899,ATTRACTIVE,57154.png,14783.png
user3,-1,13899,ATTRACTIVE,19930.png,17647.png
user3,-1,13899,ATTRACTIVE,57249.png,20363.png
user3,-1,13899,ATTRACTIVE,58477.png,57249.png
user3,-1,13899,ATTRACTIVE,57610.png,57646.png
user3,-1,13899,ATTRACTIVE,20791.png,58535.png
user3,1,12428,ATTRACTIVE,20582.png,20819.png
user3,1,12428,ATTRACTIVE,57069.png,57113.png
user3,1,12428,ATTRACTIVE,19867.png,57275.png
user3,1,12428,ATTRACTIVE,20819.png,57587.png
user3,1,12428,ATTRACTIVE,19903.png,57708.png
user3,1,12428,ATTRACTIVE,57564.png,58178.png
user3,1,12428,ATTRACTIVE,03583.png,58433.png
user3,-1,12428,ATTRACTIVE,06523.png,10110.png
user3,-1,12428,ATTRACTIVE,57448.png,19925.png
user3,-1,12428,ATTRACTIVE,57030.png,20185.png
user3,-1,12428,ATTRACTIVE,57197.png,20951.png
user3,-1,12428,ATTRACTIVE,57745.png,57314.png
user3,-1,12428,ATTRACTIVE,20705.png,57642.png
user3,-1,12428,ATTRACTIVE,58433.png,57968.png
user3,1,13327,ATTRACTIVE,57718.png,20882.png
user3,1,13327,ATTRACTIVE,02671.png,57400.png
user3,1,13327,ATTRACTIVE,20155.png,58171.png
user3,1,13327,ATTRACTIVE,19903.png,58228.png
user3,1,13327,ATTRACTIVE,57745.png,58391.png
user3,1,13327,ATTRACTIVE,20928.png,10204.png
user3,-1,13327,ATTRACTIVE,57399.png,03853.png
user3,-1,13327,ATTRACTIVE,57381.png,09885.png
user3,-1,13327,ATTRACTIVE,02947.png,20621.png
user3,-1,13327,ATTRACTIVE,02947.png,20754.png
user3,-1,13327,ATTRACTIVE,58171.png,57399.png
user3,-1,13327,ATTRACTIVE,09716.png,57720.png
user3,-1,13327,ATTRACTIVE,58391.png,57962.png
user3,-1,13327,ATTRACTIVE,58340.png,58460.png
user3,1,10132,ATTRACTIVE,14404.png,07968.png
user3,1,10132,ATTRACTIVE,07221.png,08216.png
user3,1,10132,ATTRACTIVE,11235.png,16678.png
user3,1,10132,ATTRACTIVE,14783.png,57114.png
user3,1,10132,ATTRACTIVE,14620.png,57283.png
user3,1,10132,ATTRACTIVE,16678.png,58353.png
user3,-1,10132,ATTRACTIVE,20756.png,03649.png
user3,-1,10132,ATTRACTIVE,57895.png,06526.png
user3,-1,10132,ATTRACTIVE,57114.png,14620.png
user3,-1,10132,ATTRACTIVE,14783.png,20607.png
user3,-1,10132,ATTRACTIVE,57341.png,20878.png
user3,-1,10132,ATTRACTIVE,58340.png,57341.png
user3,-1,10132,ATTRACTIVE,09812.png,57717.png
user3,-1,10132,ATTRACTIVE,58419.png,58419.png
user3,1,10782,ATTRACTIVE,57992.png,12989.png
user3,1,10782,ATTRACTIVE,57032.png,57536.png
user3,1,10782,ATTRACTIVE,57750.png,57895.png
user3,1,10782,ATTRACTIVE,20437.png,58023.png
user3,-1,10782,ATTRACTIVE,58549.png,02791.png
user3,-1,10782,ATTRACTIVE,20896.png,05582.png
user3,-1,10782,ATTRACTIVE,57885.png,20437.png
user3,-1,10782,ATTRACTIVE,58266.png,20636.png
user3,-1,10782,ATTRACTIVE,58549.png,20896.png
user3,-1,10782,ATTRACTIVE,11235.png,57053.png
user3,-1,10782,ATTRACTIVE,57207.png,57247.png
user3,-1,10782,ATTRACTIVE,14620.png,57357.png
user3,-1,10782,ATTRACTIVE,57895.png,57799.png
user3,-1,10782,ATTRACTIVE,58554.png,57809.png
user3,1,21042,ATTRACTIVE,20582.png,19862.png
user3,1,21042,ATTRACTIVE,13064.png,57167.png
user3,1,21042,ATTRACTIVE,57564.png,58215.png
user3,-1,21042,ATTRACTIVE,58163.png,04731.png
user3,-1,21042,ATTRACTIVE,16678.png,06004.png
user3,-1,21042,ATTRACTIVE,57341.png,06566.png
user3,-1,21042,ATTRACTIVE,20305.png,16912.png
user3,-1,21042,ATTRACTIVE,06513.png,57910.png
user3,-1,21042,ATTRACTIVE,20591.png,20160.png
user3,-1,21042,ATTRACTIVE,20525.png,20305.png
user3,-1,21042,ATTRACTIVE,57167.png,20520.png
user3,-1,21042,ATTRACTIVE,57325.png,20591.png
user3,-1,21042,ATTRACTIVE,19892.png,57075.png
user3,-1,21042,ATTRACTIVE,57773.png,57170.png
user3,1,15386,ATTRACTIVE,05456.png,05567.png
user3,1,15386,ATTRACTIVE,03038.png,19859.png
user3,1,15386,ATTRACTIVE,57610.png,05472.png
user3,1,15386,ATTRACTIVE,11061.png,58213.png
user3,-1,15386,ATTRACTIVE,13942.png,02140.png
user3,-1,15386,ATTRACTIVE,57895.png,03038.png
user3,-1,15386,ATTRACTIVE,58008.png,13942.png
user3,-1,15386,ATTRACTIVE,14783.png,19906.png
user3,-1,15386,ATTRACTIVE,20009.png,20597.png
user3,-1,15386,ATTRACTIVE,57812.png,20650.png
user3,-1,15386,ATTRACTIVE,02583.png,20665.png
user3,-1,15386,ATTRACTIVE,20032.png,20823.png
user3,-1,15386,ATTRACTIVE,01058.png,58070.png
user3,-1,15386,ATTRACTIVE,20810.png,58091.png
user3,1,9695,ATTRACTIVE,20009.png,20104.png
user3,1,9695,ATTRACTIVE,57154.png,57633.png
user3,-1,9695,ATTRACTIVE,57190.png,02782.png
user3,-1,9695,ATTRACTIVE,16375.png,11232.png
user3,-1,9695,ATTRACTIVE,20656.png,19817.png
user3,-1,9695,ATTRACTIVE,05456.png,20656.png
user3,-1,9695,ATTRACTIVE,20928.png,20822.png
user3,-1,9695,ATTRACTIVE,58100.png,20890.png
user3,-1,9695,ATTRACTIVE,03038.png,57245.png
user3,-1,9695,ATTRACTIVE,02671.png,57518.png
user3,-1,9695,ATTRACTIVE,20810.png,57814.png
user3,-1,9695,ATTRACTIVE,57397.png,57856.png
user3,-1,9695,ATTRACTIVE,02254.png,57915.png
user3,-1,9695,ATTRACTIVE,57207.png,58209.png
user3,1,8003,ATTRACTIVE,58477.png,12660.png
user3,1,8003,ATTRACTIVE,57197.png,20228.png
user3,1,8003,ATTRACTIVE,20040.png,20258.png
user3,1,8003,ATTRACTIVE,57745.png,57032.png
user3,-1,8003,ATTRACTIVE,16218.png,04799.png
user3,-1,8003,ATTRACTIVE,58419.png,06977.png
user3,-1,8003,ATTRACTIVE,57718.png,15896.png
user3,-1,8003,ATTRACTIVE,06752.png,16218.png
user3,-1,8003,ATTRACTIVE,58549.png,20663.png
user3,-1,8003,ATTRACTIVE,57032.png,20764.png
user3,-1,8003,ATTRACTIVE,20077.png,57406.png
user3,-1,8003,ATTRACTIVE,57895.png,57651.png
user3,-1,8003,ATTRACTIVE,57773.png,57773.png
user3,-1,8003,ATTRACTIVE,57647.png,58278.png
user3,1,13556,ATTRACTIVE,00609.png,18307.png
user3,1,13556,ATTRACTIVE,05497.png,58083.png
user3,1,13556,ATTRACTIVE,19892.png,58100.png
user3,1,13556,ATTRACTIVE,20705.png,00609.png
user3,-1,13556,ATTRACTIVE,57707.png,05497.png
user3,-1,13556,ATTRACTIVE,20810.png,07637.png
user3,-1,13556,ATTRACTIVE,05456.png,20190.png
user3,-1,13556,ATTRACTIVE,57503.png,20810.png
user3,-1,13556,ATTRACTIVE,57597.png,57013.png
user3,-1,13556,ATTRACTIVE,13542.png,57503.png
user3,-1,13556,ATTRACTIVE,13942.png,57597.png
user3,-1,13556,ATTRACTIVE,57885.png,57669.png
user3,-1,13556,ATTRACTIVE,57397.png,57709.png
user3,-1,13556,ATTRACTIVE,58100.png,57885.png
user3,1,12974,ATTRACTIVE,20032.png,04823.png
user3,1,12974,ATTRACTIVE,57069.png,20006.png
user3,1,12974,ATTRACTIVE,20691.png,20077.png
user3,1,12974,ATTRACTIVE,57162.png,20481.png
user3,1,12974,ATTRACTIVE,57070.png,57847.png
user3,-1,12974,ATTRACTIVE,20590.png,04870.png
user3,-1,12974,ATTRACTIVE,20672.png,06128.png
user3,-1,12974,ATTRACTIVE,20077.png,08472.png
user3,-1,12974,ATTRACTIVE,14404.png,13134.png
user3,-1,12974,ATTRACTIVE,20450.png,19864.png
user3,-1,12974,ATTRACTIVE,58554.png,20503.png
user3,-1,12974,ATTRACTIVE,57057.png,57068.png
user3,-1,12974,ATTRACTIVE,57707.png,57230.png
user3,-1,12974,ATTRACTIVE,58219.png,57746.png
user3,1,13375,ATTRACTIVE,10505.png,20604.png
user3,1,13375,ATTRACTIVE,02671.png,57168.png
user3,-1,13375,ATTRACTIVE,58297.png,10505.png
user3,-1,13375,ATTRACTIVE,57610.png,11004.png
user3,-1,13375,ATTRACTIVE,06513.png,16727.png
user3,-1,13375,ATTRACTIVE,20600.png,16864.png
user3,-1,13375,ATTRACTIVE,20648.png,19993.png
user3,-1,13375,ATTRACTIVE,57162.png,20648.png
user3,-1,13375,ATTRACTIVE,58227.png,57162.png
user3,-1,13375,ATTRACTIVE,57718.png,57166.png
user3,-1,13375,ATTRACTIVE,20586.png,57214.png
user3,-1,13375,ATTRACTIVE,02254.png,57241.png
user3,-1,13375,ATTRACTIVE,58158.png,58158.png
user3,-1,13375,ATTRACTIVE,58549.png,58549.png
user3,1,98182,ATTRACTIVE,02671.png,57718.png
user3,1,98182,ATTRACTIVE,57122.png,58170.png
user3,1,98182,ATTRACTIVE,02671.png,58400.png
user3,1,98182,ATTRACTIVE,20785.png,57025.png
user3,-1,98182,ATTRACTIVE,58123.png,02671.png
user3,-1,98182,ATTRACTIVE,20009.png,06066.png
user3,-1,98182,ATTRACTIVE,18472.png,13717.png
user3,-1,98182,ATTRACTIVE,20590.png,17701.png
user3,-1,98182,ATTRACTIVE,20928.png,57043.png
user3,-1,98182,ATTRACTIVE,57718.png,57203.png
user3,-1,98182,ATTRACTIVE,13780.png,57279.png
user3,-1,98182,ATTRACTIVE,57057.png,57714.png
user3,-1,98182,ATTRACTIVE,16678.png,57912.png
user3,-1,98182,ATTRACTIVE,20032.png,58308.png
user3,1,10905,ATTRACTIVE,01058.png,20073.png
user3,1,10905,ATTRACTIVE,00779.png,57812.png
user3,1,10905,ATTRACTIVE,01167.png,58369.png
user3,-1,10905,ATTRACTIVE,58340.png,03266.png
user3,-1,10905,ATTRACTIVE,02671.png,06362.png
user3,-1,10905,ATTRACTIVE,58515.png,07787.png
user3,-1,10905,ATTRACTIVE,57355.png,13475.png
user3,-1,10905,ATTRACTIVE,58515.png,16240.png
user3,-1,10905,ATTRACTIVE,11061.png,20456.png
user3,-1,10905,ATTRACTIVE,58150.png,20876.png
user3,-1,10905,ATTRACTIVE,19930.png,20932.png
user3,-1,10905,ATTRACTIVE,57812.png,57130.png
user3,-1,10905,ATTRACTIVE,11235.png,57250.png
user3,-1,10905,ATTRACTIVE,57078.png,58441.png
user3,1,24710,ATTRACTIVE,58477.png,11032.png
user3,1,24710,ATTRACTIVE,19892.png,57197.png
user3,1,24710,ATTRACTIVE,20463.png,57281.png
user3,1,24710,ATTRACTIVE,20899.png,58065.png
user3,1,24710,ATTRACTIVE,57647.png,58297.png
user3,1,24710,ATTRACTIVE,20582.png,58374.png
user3,-1,24710,ATTRACTIVE,57485.png,00511.png
user3,-1,24710,ATTRACTIVE,57197.png,20463.png
user3,-1,24710,ATTRACTIVE,57895.png,20899.png
user3,-1,24710,ATTRACTIVE,20756.png,21000.png
user3,-1,24710,ATTRACTIVE,57564.png,57073.png
user3,-1,24710,ATTRACTIVE,19903.png,57193.png
user3,-1,24710,ATTRACTIVE,58297.png,57510.png
user3,-1,24710,ATTRACTIVE,58374.png,57564.png
user3,1,7913,ATTRACTIVE,01167.png,03694.png
user3,1,7913,ATTRACTIVE,20672.png,05435.png
user3,1,7913,ATTRACTIVE,02435.png,14043.png
user3,1,7913,ATTRACTIVE,02583.png,58340.png
user3,-1,7913,ATTRACTIVE,09716.png,00545.png
user3,-1,7913,ATTRACTIVE,57564.png,00554.png
user3,-1,7913,ATTRACTIVE,01167.png,02435.png
user3,-1,7913,ATTRACTIVE,20756.png,02583.png
user3,-1,7913,ATTRACTIVE,20077.png,05477.png
user3,-1,7913,ATTRACTIVE,19930.png,12038.png
user3,-1,7913,ATTRACTIVE,57114.png,20387.png
user3,-1,7913,ATTRACTIVE,20667.png,20583.png
user3,-1,7913,ATTRACTIVE,57364.png,20667.png
user3,-1,7913,ATTRACTIVE,58340.png,57364.png
user3,1,11418,ATTRACTIVE,20821.png,13299.png
user3,1,11418,ATTRACTIVE,13809.png,20971.png
user3,1,11418,ATTRACTIVE,13299.png,57198.png
user3,1,11418,ATTRACTIVE,20691.png,57191.png
user3,-1,11418,ATTRACTIVE,57812.png,01897.png
user3,-1,11418,ATTRACTIVE,57114.png,08862.png
user3,-1,11418,ATTRACTIVE,20437.png,19999.png
user3,-1,11418,ATTRACTIVE,57707.png,20358.png
user3,-1,11418,ATTRACTIVE,57154.png,20805.png
user3,-1,11418,ATTRACTIVE,20124.png,20950.png
user3,-1,11418,ATTRACTIVE,58549.png,20964.png
user3,-1,11418,ATTRACTIVE,57399.png,57549.png
user3,-1,11418,ATTRACTIVE,57811.png,57811.png
user3,-1,11418,ATTRACTIVE,58266.png,58509.png
user3,1,12003,ATTRACTIVE,00219.png,19873.png
user3,1,12003,ATTRACTIVE,57200.png,57103.png
user3,1,12003,ATTRACTIVE,20821.png,57914.png
user3,-1,12003,ATTRACTIVE,01167.png,02156.png
user3,-1,12003,ATTRACTIVE,02671.png,04219.png
user3,-1,12003,ATTRACTIVE,17507.png,06824.png
user3,-1,12003,ATTRACTIVE,57934.png,14852.png
user3,-1,12003,ATTRACTIVE,01688.png,17425.png
user3,-1,12003,ATTRACTIVE,57114.png,18398.png
user3,-1,12003,ATTRACTIVE,20005.png,19831.png
user3,-1,12003,ATTRACTIVE,20582.png,19933.png
user3,-1,12003,ATTRACTIVE,01167.png,20005.png
user3,-1,12003,ATTRACTIVE,57718.png,20578.png
user3,-1,12003,ATTRACTIVE,57610.png,20836.png
user8,1,67681,ATTRACTIVE,16259.png,16259.png
user8,1,67681,ATTRACTIVE,14783.png,20282.png
user8,1,67681,ATTRACTIVE,57485.png,20084.png
user8,1,67681,ATTRACTIVE,11061.png,05276.png
user8,0,67681,ATTRACTIVE,20819.png,58315.png
user8,0,67681,ATTRACTIVE,02435.png,58333.png
user8,0,67681,ATTRACTIVE,11518.png,06752.png
user8,0,67681,ATTRACTIVE,57895.png,20636.png
user8,0,67681,ATTRACTIVE,58333.png,01897.png
user8,-1,67681,ATTRACTIVE,02947.png,00751.png
user8,-1,67681,ATTRACTIVE,20785.png,11299.png
user8,-1,67681,ATTRACTIVE,06752.png,14326.png
user8,-1,67681,ATTRACTIVE,58549.png,02947.png
user8,-1,67681,ATTRACTIVE,20821.png,57590.png
user8,1,73979,ATTRACTIVE,02986.png,05544.png
user8,1,73979,ATTRACTIVE,09716.png,10249.png
user8,1,73979,ATTRACTIVE,20819.png,57998.png
user8,1,73979,ATTRACTIVE,20667.png,58357.png
user8,0,73979,ATTRACTIVE,57030.png,02986.png
user8,0,73979,ATTRACTIVE,11518.png,15215.png
user8,0,73979,ATTRACTIVE,14783.png,57285.png
user8,0,73979,ATTRACTIVE,20144.png,57835.png
user8,0,73979,ATTRACTIVE,57207.png,57912.png
user8,-1,73979,ATTRACTIVE,16826.png,19824.png
user8,-1,73979,ATTRACTIVE,20785.png,20593.png
user8,-1,73979,ATTRACTIVE,13780.png,20736.png
user8,-1,73979,ATTRACTIVE,57122.png,20871.png
user8,-1,73979,ATTRACTIVE,20463.png,57207.png
user8,1,45463,ATTRACTIVE,00240.png,05396.png
user8,1,45463,ATTRACTIVE,00880.png,57006.png
user8,0,45463,ATTRACTIVE,20009.png,00240.png
user8,0,45463,ATTRACTIVE,20647.png,00880.png
user8,0,45463,ATTRACTIVE,14404.png,02782.png
user8,0,45463,ATTRACTIVE,20005.png,20239.png
user8,0,45463,ATTRACTIVE,58297.png,20424.png
user8,0,45463,ATTRACTIVE,14620.png,57053.png
user8,0,45463,ATTRACTIVE,57885.png,57873.png
user8,-1,45463,ATTRACTIVE,20691.png,14404.png
user8,-1,45463,ATTRACTIVE,01688.png,20005.png
user8,-1,45463,ATTRACTIVE,57885.png,20126.png
user8,-1,45463,ATTRACTIVE,57301.png,20691.png
user8,-1,45463,ATTRACTIVE,05546.png,57301.png
user8,1,41253,ATTRACTIVE,57397.png,20647.png
user8,1,41253,ATTRACTIVE,58008.png,20959.png
user8,1,41253,ATTRACTIVE,16218.png,20022.png
user8,1,41253,ATTRACTIVE,58266.png,20795.png
user8,0,41253,ATTRACTIVE,57364.png,05076.png
user8,0,41253,ATTRACTIVE,58333.png,17489.png
user8,0,41253,ATTRACTIVE,01688.png,17686.png
user8,0,41253,ATTRACTIVE,20647.png,20230.png
user8,0,41253,ATTRACTIVE,00218.png,57507.png
user8,0,41253,ATTRACTIVE,13064.png,57697.png
user8,0,41253,ATTRACTIVE,57745.png,57720.png
user8,0,41253,ATTRACTIVE,11235.png,57793.png
user8,-1,41253,ATTRACTIVE,02947.png,08494.png
user8,-1,41253,ATTRACTIVE,20450.png,16218.png
user8,1,22860,ATTRACTIVE,20672.png,58459.png
user8,0,22860,ATTRACTIVE,19892.png,19974.png
user8,0,22860,ATTRACTIVE,20155.png,10204.png
user8,0,22860,ATTRACTIVE,10505.png,20693.png
user8,0,22860,ATTRACTIVE,18472.png,20785.png
user8,0,22860,ATTRACTIVE,06433.png,20862.png
user8,0,22860,ATTRACTIVE,57597.png,20953.png
user8,0,22860,ATTRACTIVE,20785.png,57197.png
user8,0,22860,ATTRACTIVE,57364.png,57649.png
user8,0,22860,ATTRACTIVE,20953.png,58208.png
user8,-1,22860,ATTRACTIVE,57197.png,00554.png
user8,-1,22860,ATTRACTIVE,19892.png,06782.png
user8,-1,22860,ATTRACTIVE,01058.png,12537.png
user8,-1,22860,ATTRACTIVE,58515.png,18472.png
user8,1,527354,ATTRACTIVE,00609.png,57013.png
user8,0,527354,ATTRACTIVE,01058.png,00609.png
user8,0,527354,ATTRACTIVE,02435.png,03266.png
user8,0,527354,ATTRACTIVE,20590.png,07956.png
user8,0,527354,ATTRACTIVE,57381.png,11515.png
user8,0,527354,ATTRACTIVE,20785.png,15131.png
user8,0,527354,ATTRACTIVE,58123.png,20253.png
user8,0,527354,ATTRACTIVE,20894.png,20894.png
user8,0,527354,ATTRACTIVE,05456.png,57122.png
user8,0,527354,ATTRACTIVE,20077.png,57599.png
user8,0,527354,ATTRACTIVE,57122.png,58463.png
user8,-1,527354,ATTRACTIVE,20953.png,17701.png
user8,-1,527354,ATTRACTIVE,57115.png,57248.png
user8,-1,527354,ATTRACTIVE,20791.png,57052.png
user8,1,14789,ATTRACTIVE,00779.png,57400.png
user8,1,14789,ATTRACTIVE,20819.png,57919.png
user8,1,14789,ATTRACTIVE,57745.png,58083.png
user8,1,14789,ATTRACTIVE,02986.png,58123.png
user8,0,14789,ATTRACTIVE,57162.png,00779.png
user8,0,14789,ATTRACTIVE,57503.png,01978.png
user8,0,14789,ATTRACTIVE,20144.png,03747.png
user8,0,14789,ATTRACTIVE,58008.png,57098.png
user8,0,14789,ATTRACTIVE,57115.png,57115.png
user8,0,14789,ATTRACTIVE,57057.png,57230.png
user8,-1,14789,ATTRACTIVE,57381.png,06764.png
user8,-1,14789,ATTRACTIVE,19892.png,19794.png
user8,-1,14789,ATTRACTIVE,57397.png,20158.png
user8,-1,14789,ATTRACTIVE,58123.png,20257.png
user8,1,262856,ATTRACTIVE,20821.png,58150.png
user8,1,262856,ATTRACTIVE,57154.png,58187.png
user8,0,262856,ATTRACTIVE,02254.png,11232.png
user8,0,262856,ATTRACTIVE,20305.png,14776.png
user8,0,262856,ATTRACTIVE,57154.png,19799.png
user8,0,262856,ATTRACTIVE,16917.png,19962.png
user8,0,262856,ATTRACTIVE,00880.png,19990.png
user8,0,262856,ATTRACTIVE,20990.png,19992.png
user8,0,262856,ATTRACTIVE,20594.png,20990.png
user8,0,262856,ATTRACTIVE,57190.png,57146.png
user8,0,262856,ATTRACTIVE,57885.png,57256.png
user8,0,262856,ATTRACTIVE,58150.png,58439.png
user8,-1,262856,ATTRACTIVE,58150.png,03823.png
user8,-1,262856,ATTRACTIVE,57154.png,57062.png
user6,1,113077,ATTRACTIVE,57503.png,20959.png
user6,1,113077,ATTRACTIVE,57092.png,16375.png
user6,1,113077,ATTRACTIVE,20077.png,10465.png
user6,1,113077,ATTRACTIVE,13064.png,58530.png
user6,1,113077,ATTRACTIVE,16375.png,15598.png
user6,0,113077,ATTRACTIVE,58123.png,20658.png
user6,0,113077,ATTRACTIVE,11061.png,57036.png
user6,0,113077,ATTRACTIVE,57895.png,20077.png
user6,0,113077,ATTRACTIVE,09716.png,20008.png
user6,0,113077,ATTRACTIVE,20582.png,05276.png
user6,0,113077,ATTRACTIVE,58374.png,57958.png
user6,-1,113077,ATTRACTIVE,20928.png,57933.png
user6,-1,113077,ATTRACTIVE,57895.png,57721.png
user6,-1,113077,ATTRACTIVE,20928.png,11061.png
user6,1,51931,ATTRACTIVE,02986.png,57579.png
user6,1,51931,ATTRACTIVE,20928.png,57662.png
user6,1,51931,ATTRACTIVE,58266.png,02986.png
user6,0,51931,ATTRACTIVE,16259.png,57006.png
user6,0,51931,ATTRACTIVE,20810.png,11627.png
user6,0,51931,ATTRACTIVE,20928.png,20004.png
user6,0,51931,ATTRACTIVE,16826.png,57093.png
user6,0,51931,ATTRACTIVE,57341.png,57498.png
user6,-1,51931,ATTRACTIVE,01688.png,20246.png
user6,-1,51931,ATTRACTIVE,20124.png,20487.png
user6,-1,51931,ATTRACTIVE,20705.png,19818.png
user6,-1,51931,ATTRACTIVE,20792.png,17489.png
user6,-1,51931,ATTRACTIVE,58266.png,57380.png
user6,-1,51931,ATTRACTIVE,57662.png,20538.png
user6,1,58089,ATTRACTIVE,20756.png,58215.png
user6,1,58089,ATTRACTIVE,58150.png,20720.png
user6,1,58089,ATTRACTIVE,20192.png,58166.png
user6,0,58089,ATTRACTIVE,57114.png,19151.png
user6,0,58089,ATTRACTIVE,02986.png,19812.png
user6,0,58089,ATTRACTIVE,03038.png,19933.png
user6,0,58089,ATTRACTIVE,01167.png,20836.png
user6,0,58089,ATTRACTIVE,57197.png,57285.png
user6,0,58089,ATTRACTIVE,16826.png,57794.png
user6,-1,58089,ATTRACTIVE,57426.png,58543.png
user6,-1,58089,ATTRACTIVE,57364.png,12038.png
user6,-1,58089,ATTRACTIVE,14404.png,57426.png
user6,-1,58089,ATTRACTIVE,57773.png,57197.png
user6,-1,58089,ATTRACTIVE,20691.png,20063.png
user6,1,30376,ATTRACTIVE,06752.png,19165.png
user6,1,30376,ATTRACTIVE,14783.png,06752.png
user6,1,30376,ATTRACTIVE,57057.png,58359.png
user6,1,30376,ATTRACTIVE,57426.png,57666.png
user6,1,30376,ATTRACTIVE,57218.png,14783.png
user6,1,30376,ATTRACTIVE,13942.png,58522.png
user6,1,30376,ATTRACTIVE,20953.png,20540.png
user6,0,30376,ATTRACTIVE,20187.png,57707.png
user6,0,30376,ATTRACTIVE,57666.png,57894.png
user6,-1,30376,ATTRACTIVE,57707.png,57359.png
user6,-1,30376,ATTRACTIVE,57167.png,57004.png
user6,-1,30376,ATTRACTIVE,58150.png,57248.png
user6,-1,30376,ATTRACTIVE,57812.png,19847.png
user6,-1,30376,ATTRACTIVE,58554.png,58554.png
user6,1,48424,ATTRACTIVE,05456.png,20848.png
user6,1,48424,ATTRACTIVE,14783.png,20032.png
user6,1,48424,ATTRACTIVE,00880.png,13462.png
user6,0,48424,ATTRACTIVE,16081.png,02140.png
user6,0,48424,ATTRACTIVE,20819.png,06219.png
user6,0,48424,ATTRACTIVE,01167.png,57858.png
user6,-1,48424,ATTRACTIVE,20032.png,08088.png
user6,-1,48424,ATTRACTIVE,19867.png,57040.png
user6,-1,48424,ATTRACTIVE,58540.png,20838.png
user6,-1,48424,ATTRACTIVE,01167.png,58353.png
user6,-1,48424,ATTRACTIVE,09716.png,57162.png
user6,-1,48424,ATTRACTIVE,57162.png,20185.png
user6,-1,48424,ATTRACTIVE,57932.png,16068.png
user6,-1,48424,ATTRACTIVE,09812.png,19890.png
user6,1,47228,ATTRACTIVE,57885.png,20317.png
user6,1,47228,ATTRACTIVE,57934.png,20493.png
user6,1,47228,ATTRACTIVE,00219.png,57883.png
user6,1,47228,ATTRACTIVE,19903.png,20696.png
user6,0,47228,ATTRACTIVE,57122.png,00361.png
user6,0,47228,ATTRACTIVE,57114.png,11264.png
user6,0,47228,ATTRACTIVE,20928.png,20861.png
user6,0,47228,ATTRACTIVE,11235.png,20059.png
user6,0,47228,ATTRACTIVE,20493.png,20667.png
user6,-1,47228,ATTRACTIVE,20667.png,20000.png
user6,-1,47228,ATTRACTIVE,20696.png,57236.png
user6,-1,47228,ATTRACTIVE,20586.png,19903.png
user6,-1,47228,ATTRACTIVE,20032.png,18022.png
user6,-1,47228,ATTRACTIVE,58150.png,20352.png
user6,1,55390,ATTRACTIVE,14783.png,20285.png
user6,1,55390,ATTRACTIVE,57992.png,20450.png
user6,1,55390,ATTRACTIVE,13809.png,57641.png
user6,1,55390,ATTRACTIVE,19892.png,57113.png
user6,1,55390,ATTRACTIVE,20785.png,20760.png
user6,1,55390,ATTRACTIVE,18472.png,57708.png
user6,0,55390,ATTRACTIVE,16375.png,02618.png
user6,0,55390,ATTRACTIVE,20450.png,02791.png
user6,0,55390,ATTRACTIVE,06523.png,08862.png
user6,0,55390,ATTRACTIVE,57564.png,11032.png
user6,-1,55390,ATTRACTIVE,58549.png,57910.png
user6,-1,55390,ATTRACTIVE,01058.png,57357.png
user6,-1,55390,ATTRACTIVE,57197.png,18472.png
user6,-1,55390,ATTRACTIVE,19892.png,17701.png
user6,1,38770,ATTRACTIVE,57167.png,57615.png
user6,1,38770,ATTRACTIVE,57610.png,58273.png
user6,0,38770,ATTRACTIVE,19892.png,01532.png
user6,0,38770,ATTRACTIVE,20821.png,20242.png
user6,0,38770,ATTRACTIVE,20032.png,20768.png
user6,0,38770,ATTRACTIVE,20897.png,58100.png
user6,-1,38770,ATTRACTIVE,57812.png,57891.png
user6,-1,38770,ATTRACTIVE,00218.png,57581.png
user6,-1,38770,ATTRACTIVE,20821.png,19802.png
user6,-1,38770,ATTRACTIVE,57355.png,19029.png
user6,-1,38770,ATTRACTIVE,57249.png,06432.png
user6,-1,38770,ATTRACTIVE,58100.png,05472.png
user6,-1,38770,ATTRACTIVE,58515.png,58256.png
user6,-1,38770,ATTRACTIVE,20928.png,20121.png
user6,1,32571,ATTRACTIVE,20450.png,20777.png
user6,1,32571,ATTRACTIVE,13780.png,57852.png
user6,1,32571,ATTRACTIVE,13064.png,57681.png
user6,1,32571,ATTRACTIVE,20821.png,57610.png
user6,1,32571,ATTRACTIVE,16826.png,05206.png
user6,1,32571,ATTRACTIVE,16218.png,20367.png
user6,1,32571,ATTRACTIVE,57707.png,57992.png
user6,0,32571,ATTRACTIVE,09716.png,14832.png
user6,0,32571,ATTRACTIVE,01688.png,57178.png
user6,-1,32571,ATTRACTIVE,20729.png,10244.png
user6,-1,32571,ATTRACTIVE,57610.png,13064.png
user6,-1,32571,ATTRACTIVE,58171.png,14442.png
user6,-1,32571,ATTRACTIVE,57494.png,20774.png
user6,-1,32571,ATTRACTIVE,57992.png,19804.png
user6,1,39019,ATTRACTIVE,57135.png,57895.png
user6,1,39019,ATTRACTIVE,02254.png,13108.png
user6,1,39019,ATTRACTIVE,02832.png,02832.png
user6,1,39019,ATTRACTIVE,00445.png,57399.png
user6,1,39019,ATTRACTIVE,20667.png,57672.png
user6,0,39019,ATTRACTIVE,57069.png,11593.png
user6,0,39019,ATTRACTIVE,57494.png,57737.png
user6,0,39019,ATTRACTIVE,58333.png,58402.png
user6,-1,39019,ATTRACTIVE,57399.png,00770.png
user6,-1,39019,ATTRACTIVE,13780.png,02254.png
user6,-1,39019,ATTRACTIVE,20590.png,20170.png
user6,-1,39019,ATTRACTIVE,57895.png,57177.png
user6,-1,39019,ATTRACTIVE,20124.png,20589.png
user6,-1,39019,ATTRACTIVE,20705.png,58313.png
user6,1,29345,ATTRACTIVE,02671.png,20416.png
user6,1,29345,ATTRACTIVE,57200.png,57789.png
user6,0,29345,ATTRACTIVE,11061.png,15418.png
user6,0,29345,ATTRACTIVE,13542.png,20363.png
user6,0,29345,ATTRACTIVE,57162.png,58174.png
user6,0,29345,ATTRACTIVE,19930.png,58245.png
user6,-1,29345,ATTRACTIVE,20819.png,11299.png
user6,-1,29345,ATTRACTIVE,20493.png,02671.png
user6,-1,29345,ATTRACTIVE,58419.png,04219.png
user6,-1,29345,ATTRACTIVE,09716.png,19811.png
user6,-1,29345,ATTRACTIVE,20756.png,20482.png
user6,-1,29345,ATTRACTIVE,17507.png,57354.png
user6,-1,29345,ATTRACTIVE,57135.png,57510.png
user6,-1,29345,ATTRACTIVE,58245.png,57019.png
user6,1,29361,ATTRACTIVE,20821.png,57003.png
user6,1,29361,ATTRACTIVE,57564.png,57065.png
user6,1,29361,ATTRACTIVE,19892.png,05435.png
user6,0,29361,ATTRACTIVE,58340.png,18547.png
user6,0,29361,ATTRACTIVE,20656.png,18765.png
user6,0,29361,ATTRACTIVE,58540.png,20084.png
user6,0,29361,ATTRACTIVE,20819.png,20742.png
user6,0,29361,ATTRACTIVE,57154.png,58035.png
user6,0,29361,ATTRACTIVE,20192.png,58228.png
user6,-1,29361,ATTRACTIVE,19939.png,58538.png
user6,-1,29361,ATTRACTIVE,20586.png,57214.png
user6,-1,29361,ATTRACTIVE,58549.png,03823.png
user6,-1,29361,ATTRACTIVE,09716.png,13475.png
user6,-1,29361,ATTRACTIVE,01058.png,07637.png
user6,1,25347,ATTRACTIVE,16826.png,05494.png
user6,1,25347,ATTRACTIVE,58374.png,06314.png
user6,1,25347,ATTRACTIVE,01167.png,07787.png
user6,1,25347,ATTRACTIVE,10505.png,14852.png
user6,0,25347,ATTRACTIVE,01167.png,12537.png
user6,0,25347,ATTRACTIVE,57030.png,20335.png
user6,0,25347,ATTRACTIVE,58163.png,20702.png
user6,0,25347,ATTRACTIVE,20894.png,20921.png
user6,-1,25347,ATTRACTIVE,57114.png,20440.png
user6,-1,25347,ATTRACTIVE,20684.png,19830.png
user6,-1,25347,ATTRACTIVE,20192.png,20583.png
user6,-1,25347,ATTRACTIVE,57030.png,57030.png
user6,-1,25347,ATTRACTIVE,57190.png,58528.png
user6,-1,25347,ATTRACTIVE,57207.png,57190.png
user6,1,61522,ATTRACTIVE,57078.png,20265.png
user6,1,61522,ATTRACTIVE,11518.png,58071.png
user6,0,61522,ATTRACTIVE,58340.png,20098.png
user6,0,61522,ATTRACTIVE,20437.png,20950.png
user6,0,61522,ATTRACTIVE,57426.png,57809.png
user6,-1,61522,ATTRACTIVE,57355.png,57452.png
user6,-1,61522,ATTRACTIVE,01058.png,57632.png
user6,-1,61522,ATTRACTIVE,57485.png,58540.png
user6,-1,61522,ATTRACTIVE,57811.png,58405.png
user6,-1,61522,ATTRACTIVE,14620.png,57814.png
user6,-1,61522,ATTRACTIVE,20810.png,57485.png
user6,-1,61522,ATTRACTIVE,03583.png,17713.png
user6,-1,61522,ATTRACTIVE,13780.png,57123.png
user6,-1,61522,ATTRACTIVE,58540.png,57355.png
user6,1,43892,ATTRACTIVE,02947.png,20020.png
user6,1,43892,ATTRACTIVE,58297.png,58463.png
user6,1,43892,ATTRACTIVE,10505.png,00197.png
user6,0,43892,ATTRACTIVE,57114.png,01624.png
user6,0,43892,ATTRACTIVE,57154.png,20522.png
user6,0,43892,ATTRACTIVE,16826.png,20815.png
user6,0,43892,ATTRACTIVE,20032.png,20969.png
user6,0,43892,ATTRACTIVE,57707.png,57074.png
user6,0,43892,ATTRACTIVE,57154.png,57633.png
user6,0,43892,ATTRACTIVE,02671.png,58278.png
user6,0,43892,ATTRACTIVE,16081.png,58459.png
user6,-1,43892,ATTRACTIVE,57647.png,19909.png
user6,-1,43892,ATTRACTIVE,58515.png,10505.png
user6,-1,43892,ATTRACTIVE,20791.png,57719.png
user6,1,47044,ATTRACTIVE,57355.png,57129.png
user6,1,47044,ATTRACTIVE,20691.png,20515.png
user6,1,47044,ATTRACTIVE,14620.png,58142.png
user6,1,47044,ATTRACTIVE,01688.png,05502.png
user6,0,47044,ATTRACTIVE,57154.png,57599.png
user6,-1,47044,ATTRACTIVE,20705.png,15726.png
user6,-1,47044,ATTRACTIVE,20705.png,20089.png
user6,-1,47044,ATTRACTIVE,57301.png,57478.png
user6,-1,47044,ATTRACTIVE,16826.png,20053.png
user6,-1,47044,ATTRACTIVE,20582.png,19973.png
user6,-1,47044,ATTRACTIVE,57564.png,16883.png
user6,-1,47044,ATTRACTIVE,57200.png,06128.png
user6,-1,47044,ATTRACTIVE,57115.png,20578.png
user6,-1,47044,ATTRACTIVE,58227.png,14620.png
user6,1,27749,ATTRACTIVE,58477.png,57658.png
user6,1,27749,ATTRACTIVE,10964.png,58302.png
user6,1,27749,ATTRACTIVE,13064.png,57927.png
user6,1,27749,ATTRACTIVE,02671.png,20819.png
user6,0,27749,ATTRACTIVE,20493.png,16240.png
user6,0,27749,ATTRACTIVE,57190.png,19978.png
user6,0,27749,ATTRACTIVE,00779.png,57130.png
user6,-1,27749,ATTRACTIVE,20819.png,13668.png
user6,-1,27749,ATTRACTIVE,58150.png,10964.png
user6,-1,27749,ATTRACTIVE,58245.png,02609.png
user6,-1,27749,ATTRACTIVE,57490.png,57490.png
user6,-1,27749,ATTRACTIVE,16826.png,57362.png
user6,-1,27749,ATTRACTIVE,57934.png,19817.png
user6,-1,27749,ATTRACTIVE,20672.png,18344.png
user6,1,39040,ATTRACTIVE,07221.png,57728.png
user6,1,39040,ATTRACTIVE,58433.png,19972.png
user6,1,39040,ATTRACTIVE,57718.png,57275.png
user6,1,39040,ATTRACTIVE,16777.png,57163.png
user6,1,39040,ATTRACTIVE,58171.png,58212.png
user6,0,39040,ATTRACTIVE,20791.png,57026.png
user6,0,39040,ATTRACTIVE,20525.png,58345.png
user6,-1,39040,ATTRACTIVE,00609.png,57411.png
user6,-1,39040,ATTRACTIVE,20648.png,19833.png
user6,-1,39040,ATTRACTIVE,03583.png,12484.png
user6,-1,39040,ATTRACTIVE,58150.png,07221.png
user6,-1,39040,ATTRACTIVE,58171.png,11282.png
user6,-1,39040,ATTRACTIVE,57610.png,57144.png
user6,-1,39040,ATTRACTIVE,20897.png,20743.png
user6,1,24988,ATTRACTIVE,57364.png,19975.png
user6,1,24988,ATTRACTIVE,00609.png,15215.png
user6,1,24988,ATTRACTIVE,57503.png,10249.png
user6,0,24988,ATTRACTIVE,20819.png,00380.png
user6,0,24988,ATTRACTIVE,57207.png,14633.png
user6,0,24988,ATTRACTIVE,20667.png,20779.png
user6,0,24988,ATTRACTIVE,58008.png,58549.png
user6,-1,24988,ATTRACTIVE,20077.png,20590.png
user6,-1,24988,ATTRACTIVE,20667.png,19926.png
user6,-1,24988,ATTRACTIVE,14783.png,16455.png
user6,-1,24988,ATTRACTIVE,20590.png,20597.png
user6,-1,24988,ATTRACTIVE,14783.png,07980.png
user6,-1,24988,ATTRACTIVE,20241.png,02286.png
user6,-1,24988,ATTRACTIVE,58549.png,20072.png
user6,1,48797,ATTRACTIVE,20305.png,57213.png
user6,1,48797,ATTRACTIVE,57750.png,57356.png
user6,1,48797,ATTRACTIVE,57707.png,57904.png
user6,1,48797,ATTRACTIVE,20728.png,57203.png
user6,0,48797,ATTRACTIVE,00779.png,20728.png
user6,0,48797,ATTRACTIVE,18472.png,57054.png
user6,0,48797,ATTRACTIVE,57122.png,57636.png
user6,0,48797,ATTRACTIVE,20450.png,57760.png
user6,-1,48797,ATTRACTIVE,57885.png,12989.png
user6,-1,48797,ATTRACTIVE,20928.png,58392.png
user6,-1,48797,ATTRACTIVE,57218.png,58090.png
user6,-1,48797,ATTRACTIVE,19905.png,57714.png
user6,-1,48797,ATTRACTIVE,00880.png,19849.png
user6,-1,48797,ATTRACTIVE,57610.png,01483.png
user6,1,33406,ATTRACTIVE,02435.png,57793.png
user6,1,33406,ATTRACTIVE,16777.png,19862.png
user6,1,33406,ATTRACTIVE,19905.png,02435.png
user6,1,33406,ATTRACTIVE,57364.png,20282.png
user6,0,33406,ATTRACTIVE,16678.png,11568.png
user6,0,33406,ATTRACTIVE,57485.png,20889.png
user6,0,33406,ATTRACTIVE,58340.png,58226.png
user6,-1,33406,ATTRACTIVE,20586.png,20764.png
user6,-1,33406,ATTRACTIVE,58549.png,20586.png
user6,-1,33406,ATTRACTIVE,13299.png,20311.png
user6,-1,33406,ATTRACTIVE,20953.png,57094.png
user6,-1,33406,ATTRACTIVE,57503.png,12639.png
user6,-1,33406,ATTRACTIVE,20450.png,17686.png
user6,-1,33406,ATTRACTIVE,57325.png,20953.png
user7,1,84410,ATTRACTIVE,01688.png,20015.png
user7,1,84410,ATTRACTIVE,03038.png,57518.png
user7,1,84410,ATTRACTIVE,57426.png,20667.png
user7,1,84410,ATTRACTIVE,20667.png,20282.png
user7,1,84410,ATTRACTIVE,57485.png,05076.png
user7,1,84410,ATTRACTIVE,57078.png,58441.png
user7,1,84410,ATTRACTIVE,57397.png,57914.png
user7,1,84410,ATTRACTIVE,57078.png,03694.png
user7,1,84410,ATTRACTIVE,57610.png,20822.png
user7,0,84410,ATTRACTIVE,58477.png,17713.png
user7,0,84410,ATTRACTIVE,09716.png,20980.png
user7,-1,84410,ATTRACTIVE,20785.png,09330.png
user7,-1,84410,ATTRACTIVE,57494.png,17701.png
user7,-1,84410,ATTRACTIVE,05456.png,20963.png
user7,1,31767,ATTRACTIVE,57426.png,00011.png
user7,1,31767,ATTRACTIVE,00609.png,00688.png
user7,1,31767,ATTRACTIVE,57147.png,05472.png
user7,1,31767,ATTRACTIVE,57610.png,18307.png
user7,1,31767,ATTRACTIVE,57745.png,57564.png
user7,1,31767,ATTRACTIVE,20705.png,20756.png
user7,0,31767,ATTRACTIVE,20685.png,57397.png
user7,0,31767,ATTRACTIVE,20672.png,19554.png
user7,0,31767,ATTRACTIVE,20756.png,20672.png
user7,0,31767,ATTRACTIVE,57030.png,57412.png
user7,0,31767,ATTRACTIVE,57397.png,57651.png
user7,-1,31767,ATTRACTIVE,20894.png,00609.png
user7,-1,31767,ATTRACTIVE,57564.png,15896.png
user7,-1,31767,ATTRACTIVE,57895.png,57030.png
user7,1,42711,ATTRACTIVE,14783.png,19151.png
user7,1,42711,ATTRACTIVE,20667.png,13108.png
user7,1,42711,ATTRACTIVE,58150.png,20656.png
user7,1,42711,ATTRACTIVE,20077.png,57579.png
user7,1,42711,ATTRACTIVE,57750.png,57536.png
user7,1,42711,ATTRACTIVE,20608.png,57615.png
user7,0,42711,ATTRACTIVE,20656.png,06219.png
user7,0,42711,ATTRACTIVE,02671.png,57649.png
user7,0,42711,ATTRACTIVE,14783.png,20608.png
user7,-1,42711,ATTRACTIVE,57325.png,19926.png
user7,-1,42711,ATTRACTIVE,11235.png,20120.png
user7,-1,42711,ATTRACTIVE,58266.png,20736.png
user7,-1,42711,ATTRACTIVE,57355.png,20666.png
user7,-1,42711,ATTRACTIVE,19892.png,57325.png
user7,1,38454,ATTRACTIVE,20821.png,01897.png
user7,1,38454,ATTRACTIVE,20009.png,15215.png
user7,1,38454,ATTRACTIVE,57355.png,58083.png
user7,1,38454,ATTRACTIVE,57057.png,20703.png
user7,0,38454,ATTRACTIVE,57934.png,57207.png
user7,0,38454,ATTRACTIVE,20667.png,04176.png
user7,0,38454,ATTRACTIVE,01167.png,06682.png
user7,0,38454,ATTRACTIVE,57069.png,11264.png
user7,-1,38454,ATTRACTIVE,57122.png,02782.png
user7,-1,38454,ATTRACTIVE,57207.png,19890.png
user7,-1,38454,ATTRACTIVE,19930.png,19925.png
user7,-1,38454,ATTRACTIVE,20077.png,57502.png
user7,-1,38454,ATTRACTIVE,01167.png,57250.png
user7,-1,38454,ATTRACTIVE,57397.png,57406.png
user7,1,39275,ATTRACTIVE,20040.png,19848.png
user7,1,39275,ATTRACTIVE,19903.png,20742.png
user7,1,39275,ATTRACTIVE,20756.png,57904.png
user7,1,39275,ATTRACTIVE,58333.png,20022.png
user7,1,39275,ATTRACTIVE,57718.png,57986.png
user7,0,39275,ATTRACTIVE,13780.png,12660.png
user7,0,39275,ATTRACTIVE,14783.png,17412.png
user7,0,39275,ATTRACTIVE,57154.png,20258.png
user7,0,39275,ATTRACTIVE,20928.png,20928.png
user7,-1,39275,ATTRACTIVE,57885.png,20319.png
user7,-1,39275,ATTRACTIVE,19905.png,20597.png
user7,-1,39275,ATTRACTIVE,57932.png,57932.png
user7,-1,39275,ATTRACTIVE,57986.png,57636.png
user7,-1,39275,ATTRACTIVE,57135.png,58238.png
user7,1,38150,ATTRACTIVE,10505.png,58515.png
user7,1,38150,ATTRACTIVE,11518.png,58065.png
user7,0,38150,ATTRACTIVE,58333.png,19903.png
user7,0,38150,ATTRACTIVE,19903.png,57135.png
user7,0,38150,ATTRACTIVE,20305.png,57190.png
user7,0,38150,ATTRACTIVE,57610.png,57647.png
user7,0,38150,ATTRACTIVE,57135.png,58419.png
user7,-1,38150,ATTRACTIVE,57190.png,10505.png
user7,-1,38150,ATTRACTIVE,57448.png,11518.png
user7,-1,38150,ATTRACTIVE,57647.png,18341.png
user7,-1,38150,ATTRACTIVE,57325.png,20305.png
user7,-1,38150,ATTRACTIVE,19903.png,20432.png
user7,-1,38150,ATTRACTIVE,58419.png,57792.png
user7,-1,38150,ATTRACTIVE,58515.png,57587.png
user7,1,25881,ATTRACTIVE,05456.png,05456.png
user7,1,25881,ATTRACTIVE,57301.png,13780.png
user7,1,25881,ATTRACTIVE,13780.png,19799.png
user7,1,25881,ATTRACTIVE,02671.png,20367.png
user7,1,25881,ATTRACTIVE,20305.png,58359.png
user7,0,25881,ATTRACTIVE,57707.png,57958.png
user7,0,25881,ATTRACTIVE,20672.png,17425.png
user7,0,25881,ATTRACTIVE,20586.png,20861.png
user7,-1,25881,ATTRACTIVE,20899.png,10035.png
user7,-1,25881,ATTRACTIVE,20192.png,20643.png
user7,-1,25881,ATTRACTIVE,57494.png,57838.png
user7,-1,25881,ATTRACTIVE,57850.png,57494.png
user7,-1,25881,ATTRACTIVE,20928.png,20921.png
user7,-1,25881,ATTRACTIVE,58150.png,20899.png
user7,1,47483,ATTRACTIVE,00445.png,20721.png
user7,1,47483,ATTRACTIVE,57850.png,57519.png
user7,1,47483,ATTRACTIVE,09812.png,20084.png
user7,1,47483,ATTRACTIVE,20819.png,20864.png
user7,1,47483,ATTRACTIVE,20582.png,58361.png
user7,0,47483,ATTRACTIVE,58171.png,20578.png
user7,0,47483,ATTRACTIVE,58163.png,57058.png
user7,0,47483,ATTRACTIVE,01688.png,57203.png
user7,0,47483,ATTRACTIVE,18472.png,57814.png
user7,-1,47483,ATTRACTIVE,13809.png,00445.png
user7,-1,47483,ATTRACTIVE,20810.png,09812.png
user7,-1,47483,ATTRACTIVE,57249.png,05957.png
user7,-1,47483,ATTRACTIVE,06752.png,57891.png
user7,-1,47483,ATTRACTIVE,58361.png,57909.png
user7,1,49503,ATTRACTIVE,01058.png,20450.png
user7,1,49503,ATTRACTIVE,58297.png,20965.png
user7,1,49503,ATTRACTIVE,20582.png,57745.png
user7,0,49503,ATTRACTIVE,58477.png,20253.png
user7,0,49503,ATTRACTIVE,10505.png,01624.png
user7,0,49503,ATTRACTIVE,57070.png,12537.png
user7,0,49503,ATTRACTIVE,57364.png,13134.png
user7,0,49503,ATTRACTIVE,58123.png,20172.png
user7,0,49503,ATTRACTIVE,20450.png,57370.png
user7,-1,49503,ATTRACTIVE,13064.png,01058.png
user7,-1,49503,ATTRACTIVE,57122.png,04731.png
user7,-1,49503,ATTRACTIVE,58549.png,04799.png
user7,-1,49503,ATTRACTIVE,58219.png,57122.png
user7,-1,49503,ATTRACTIVE,57745.png,57357.png
user7,1,39867,ATTRACTIVE,16678.png,02609.png
user7,1,39867,ATTRACTIVE,00880.png,20254.png
user7,1,39867,ATTRACTIVE,58477.png,20685.png
user7,1,39867,ATTRACTIVE,58297.png,58499.png
user7,1,39867,ATTRACTIVE,19892.png,20350.png
user7,1,39867,ATTRACTIVE,20705.png,07438.png
user7,1,39867,ATTRACTIVE,13942.png,13942.png
user7,0,39867,ATTRACTIVE,20791.png,00340.png
user7,0,39867,ATTRACTIVE,11518.png,20957.png
user7,-1,39867,ATTRACTIVE,20685.png,06291.png
user7,-1,39867,ATTRACTIVE,20594.png,00680.png
user7,-1,39867,ATTRACTIVE,20144.png,06782.png
user7,-1,39867,ATTRACTIVE,57147.png,20871.png
user7,-1,39867,ATTRACTIVE,58340.png,20690.png
user7,1,34123,ATTRACTIVE,03583.png,05946.png
user7,1,34123,ATTRACTIVE,57069.png,07762.png
user7,1,34123,ATTRACTIVE,20177.png,58070.png
user7,1,34123,ATTRACTIVE,20821.png,58459.png
user7,1,34123,ATTRACTIVE,10964.png,57025.png
user7,0,34123,ATTRACTIVE,01688.png,06824.png
user7,0,34123,ATTRACTIVE,20077.png,20299.png
user7,0,34123,ATTRACTIVE,57503.png,20658.png
user7,-1,34123,ATTRACTIVE,58123.png,04870.png
user7,-1,34123,ATTRACTIVE,58554.png,58407.png
user7,-1,34123,ATTRACTIVE,20032.png,58537.png
user7,-1,34123,ATTRACTIVE,20009.png,57169.png
user7,-1,34123,ATTRACTIVE,58515.png,15726.png
user7,-1,34123,ATTRACTIVE,58163.png,02216.png
user7,1,60127,ATTRACTIVE,58477.png,11235.png
user7,1,60127,ATTRACTIVE,06523.png,57480.png
user7,1,60127,ATTRACTIVE,11235.png,57883.png
user7,1,60127,ATTRACTIVE,20594.png,58484.png
user7,0,60127,ATTRACTIVE,20192.png,00511.png
user7,0,60127,ATTRACTIVE,57301.png,06523.png
user7,0,60127,ATTRACTIVE,20928.png,19812.png
user7,0,60127,ATTRACTIVE,20032.png,20523.png
user7,0,60127,ATTRACTIVE,58266.png,57247.png
user7,0,60127,ATTRACTIVE,58171.png,58365.png
user7,-1,60127,ATTRACTIVE,16081.png,18279.png
user7,-1,60127,ATTRACTIVE,58150.png,20089.png
user7,-1,60127,ATTRACTIVE,58266.png,20246.png
user7,-1,60127,ATTRACTIVE,14783.png,57719.png
user7,1,43043,ATTRACTIVE,57812.png,02766.png
user7,1,43043,ATTRACTIVE,11518.png,20230.png
user7,1,43043,ATTRACTIVE,19930.png,20515.png
user7,1,43043,ATTRACTIVE,57114.png,57356.png
user7,0,43043,ATTRACTIVE,01688.png,19930.png
user7,0,43043,ATTRACTIVE,16826.png,20951.png
user7,0,43043,ATTRACTIVE,19903.png,57040.png
user7,0,43043,ATTRACTIVE,09716.png,57642.png
user7,0,43043,ATTRACTIVE,20450.png,58035.png
user7,0,43043,ATTRACTIVE,57030.png,58538.png
user7,-1,43043,ATTRACTIVE,57069.png,07642.png
user7,-1,43043,ATTRACTIVE,20155.png,20059.png
user7,-1,43043,ATTRACTIVE,58549.png,57834.png
user7,-1,43043,ATTRACTIVE,01058.png,58005.png
user7,1,40689,ATTRACTIVE,01167.png,01167.png
user7,1,40689,ATTRACTIVE,57030.png,02435.png
user7,1,40689,ATTRACTIVE,02435.png,20104.png
user7,1,40689,ATTRACTIVE,20525.png,20862.png
user7,1,40689,ATTRACTIVE,16375.png,20876.png
user7,1,40689,ATTRACTIVE,57707.png,20882.png
user7,1,40689,ATTRACTIVE,20504.png,57879.png
user7,0,40689,ATTRACTIVE,57364.png,01185.png
user7,0,40689,ATTRACTIVE,58515.png,58522.png
user7,-1,40689,ATTRACTIVE,20928.png,06373.png
user7,-1,40689,ATTRACTIVE,57707.png,20190.png
user7,-1,40689,ATTRACTIVE,20696.png,20504.png
user7,-1,40689,ATTRACTIVE,57812.png,57820.png
user7,-1,40689,ATTRACTIVE,58549.png,58549.png
user7,1,48374,ATTRACTIVE,03038.png,20228.png
user7,1,48374,ATTRACTIVE,20124.png,58094.png
user7,0,48374,ATTRACTIVE,20009.png,03410.png
user7,0,48374,ATTRACTIVE,13542.png,13567.png
user7,0,48374,ATTRACTIVE,58008.png,15418.png
user7,0,48374,ATTRACTIVE,58419.png,58245.png
user7,-1,48374,ATTRACTIVE,58549.png,04374.png
user7,-1,48374,ATTRACTIVE,20437.png,19906.png
user7,-1,48374,ATTRACTIVE,20590.png,20324.png
user7,-1,48374,ATTRACTIVE,58554.png,20437.png
user7,-1,48374,ATTRACTIVE,57501.png,57033.png
user7,-1,48374,ATTRACTIVE,20144.png,57068.png
user7,-1,48374,ATTRACTIVE,58245.png,57501.png
user7,-1,48374,ATTRACTIVE,14404.png,58450.png
user7,1,19149,ATTRACTIVE,02947.png,20848.png
user7,1,19149,ATTRACTIVE,57718.png,20852.png
user7,1,19149,ATTRACTIVE,20437.png,57098.png
user7,1,19149,ATTRACTIVE,57162.png,57133.png
user7,1,19149,ATTRACTIVE,20450.png,57592.png
user7,1,19149,ATTRACTIVE,01167.png,57623.png
user7,0,19149,ATTRACTIVE,57610.png,17506.png
user7,0,19149,ATTRACTIVE,20990.png,20503.png
user7,0,19149,ATTRACTIVE,58008.png,57162.png
user7,-1,19149,ATTRACTIVE,16777.png,02947.png
user7,-1,19149,ATTRACTIVE,57162.png,03853.png
user7,-1,19149,ATTRACTIVE,57503.png,05467.png
user7,-1,19149,ATTRACTIVE,58266.png,20990.png
user7,-1,19149,ATTRACTIVE,14783.png,57503.png
user7,1,44060,ATTRACTIVE,58245.png,00360.png
user7,1,44060,ATTRACTIVE,57745.png,20819.png
user7,1,44060,ATTRACTIVE,20586.png,57147.png
user7,1,44060,ATTRACTIVE,57364.png,58023.png
user7,1,44060,ATTRACTIVE,57745.png,58350.png
user7,1,44060,ATTRACTIVE,57030.png,58535.png
user7,1,44060,ATTRACTIVE,20819.png,57221.png
user7,0,44060,ATTRACTIVE,57147.png,18171.png
user7,0,44060,ATTRACTIVE,57221.png,19824.png
user7,0,44060,ATTRACTIVE,57745.png,57968.png
user7,0,44060,ATTRACTIVE,58554.png,58439.png
user7,-1,44060,ATTRACTIVE,16259.png,03747.png
user7,-1,44060,ATTRACTIVE,57154.png,05041.png
user7,-1,44060,ATTRACTIVE,20791.png,10945.png
user7,1,37042,ATTRACTIVE,57197.png,20604.png
user7,1,37042,ATTRACTIVE,11061.png,57283.png
user7,1,37042,ATTRACTIVE,57750.png,57447.png
user7,1,37042,ATTRACTIVE,20579.png,58440.png
user7,0,37042,ATTRACTIVE,57426.png,19598.png
user7,0,37042,ATTRACTIVE,09716.png,19847.png
user7,0,37042,ATTRACTIVE,20600.png,20587.png
user7,0,37042,ATTRACTIVE,20691.png,57130.png
user7,-1,37042,ATTRACTIVE,17507.png,06977.png
user7,-1,37042,ATTRACTIVE,58150.png,11299.png
user7,-1,37042,ATTRACTIVE,14783.png,12989.png
user7,-1,37042,ATTRACTIVE,10505.png,20691.png
user7,-1,37042,ATTRACTIVE,57490.png,20854.png
user7,-1,37042,ATTRACTIVE,58100.png,57490.png
user7,1,24190,ATTRACTIVE,58008.png,09800.png
user7,1,24190,ATTRACTIVE,58340.png,14484.png
user7,1,24190,ATTRACTIVE,01688.png,57665.png
user7,1,24190,ATTRACTIVE,16218.png,58178.png
user7,1,24190,ATTRACTIVE,20591.png,58250.png
user7,0,24190,ATTRACTIVE,11518.png,18185.png
user7,0,24190,ATTRACTIVE,57200.png,57811.png
user7,-1,24190,ATTRACTIVE,57647.png,08494.png
user7,-1,24190,ATTRACTIVE,57122.png,16218.png
user7,-1,24190,ATTRACTIVE,57426.png,20098.png
user7,-1,24190,ATTRACTIVE,58008.png,20617.png
user7,-1,24190,ATTRACTIVE,57811.png,21000.png
user7,-1,24190,ATTRACTIVE,20705.png,57072.png
user7,-1,24190,ATTRACTIVE,58554.png,57123.png
user7,1,33291,ATTRACTIVE,00880.png,19971.png
user7,1,33291,ATTRACTIVE,02671.png,19972.png
user7,1,33291,ATTRACTIVE,57485.png,20241.png
user7,1,33291,ATTRACTIVE,06752.png,20420.png
user7,1,33291,ATTRACTIVE,58171.png,57163.png
user7,1,33291,ATTRACTIVE,20241.png,57381.png
user7,-1,33291,ATTRACTIVE,58554.png,00880.png
user7,-1,33291,ATTRACTIVE,57597.png,09885.png
user7,-1,33291,ATTRACTIVE,20648.png,11842.png
user7,-1,33291,ATTRACTIVE,57381.png,20808.png
user7,-1,33291,ATTRACTIVE,57426.png,57426.png
user7,-1,33291,ATTRACTIVE,20590.png,57598.png
user7,-1,33291,ATTRACTIVE,11235.png,57697.png
user7,-1,33291,ATTRACTIVE,17507.png,57789.png
user7,1,39720,ATTRACTIVE,57207.png,14832.png
user7,1,39720,ATTRACTIVE,16826.png,16118.png
user7,1,39720,ATTRACTIVE,06523.png,20363.png
user7,1,39720,ATTRACTIVE,00779.png,57048.png
user7,1,39720,ATTRACTIVE,19930.png,57762.png
user7,1,39720,ATTRACTIVE,20810.png,58297.png
user7,1,39720,ATTRACTIVE,57494.png,58357.png
user7,0,39720,ATTRACTIVE,06523.png,20810.png
user7,0,39720,ATTRACTIVE,58150.png,57766.png
user7,-1,39720,ATTRACTIVE,00445.png,00257.png
user7,-1,39720,ATTRACTIVE,20192.png,19978.png
user7,-1,39720,ATTRACTIVE,57773.png,57347.png
user7,-1,39720,ATTRACTIVE,58297.png,57411.png
user7,-1,39720,ATTRACTIVE,20463.png,57773.png
user7,1,22738,ATTRACTIVE,57364.png,00380.png
user7,1,22738,ATTRACTIVE,57355.png,05502.png
user7,1,22738,ATTRACTIVE,19892.png,07968.png
user7,1,22738,ATTRACTIVE,11235.png,20391.png
user7,1,22738,ATTRACTIVE,13780.png,57658.png
user7,1,22738,ATTRACTIVE,20450.png,57669.png
user7,0,22738,ATTRACTIVE,57114.png,57085.png
user7,0,22738,ATTRACTIVE,20810.png,57285.png
user7,-1,22738,ATTRACTIVE,57494.png,07637.png
user7,-1,22738,ATTRACTIVE,57666.png,09942.png
user7,-1,22738,ATTRACTIVE,11235.png,15872.png
user7,-1,22738,ATTRACTIVE,16826.png,19933.png
user7,-1,22738,ATTRACTIVE,16826.png,20004.png
user7,-1,22738,ATTRACTIVE,13542.png,20071.png
user7,1,31609,ATTRACTIVE,00218.png,00218.png
user7,1,31609,ATTRACTIVE,14783.png,06433.png
user7,1,31609,ATTRACTIVE,02254.png,57043.png
user7,1,31609,ATTRACTIVE,14404.png,57737.png
user7,0,31609,ATTRACTIVE,06433.png,02254.png
user7,0,31609,ATTRACTIVE,20177.png,20177.png
user7,0,31609,ATTRACTIVE,57812.png,58320.png
user7,-1,31609,ATTRACTIVE,57885.png,00751.png
user7,-1,31609,ATTRACTIVE,20009.png,03649.png
user7,-1,31609,ATTRACTIVE,14404.png,20358.png
user7,-1,31609,ATTRACTIVE,20590.png,20424.png
user7,-1,31609,ATTRACTIVE,20590.png,57227.png
user7,-1,31609,ATTRACTIVE,01058.png,57678.png
user7,-1,31609,ATTRACTIVE,20897.png,58091.png
